case_id,quadratic_top_shape_verified,core_field_equations_redundant,core_field_equation_remainders,core_gb_size,core_gb_max_degree,core_solving_degree,core_field_remainder_max_degree,mutant_degree_of_regularity,mutant_solving_degree,q,n,m,target_mode,status,stage_completed,modulus,curve_a_coordinates,curve_b_coordinates,target_coordinates,known_solution,known_solution_verified,core_equation_count,core_degrees,core_term_counts,first_fall_degree,first_fall_status,degree_of_regularity,regularity_status,solving_degree,solving_status,solving_minus_first_fall,gb_size,gb_max_degree,max_macaulay_columns,max_macaulay_rank,order,engine,engine_version,field_equations_in_solving_system,function_reduction,degree_ceiling,column_ceiling,row_ceiling,elapsed_seconds,case_timeout_seconds,python_version,platform
q5-a0_1-b0_0-t0,True,False,x1**2 - x1*x2**2 + 2*x1 + 2*x2**3 - 2*x2**2 - 2*x2 + 2;-2*x1**2 + x1*x2**2 - 2*x1*x2 - x1 - 2*x2**3 + x2**2 - 2*x2 - 2,4,4,5,3,4,4,5,2,2,known_variant,complete,solving_degree,1;1;1,0;1,0;0,0;1,1;0,True,2,4;3,7;7,5,"exact: kernel dimension 1, trivial rank 0",5,exact: homogeneous rank fills 6 columns,5,exact: Gröbner basis contained at cutoff 5,0,2,2,21,19,grevlex(x1>...>xm),exact closed Macaulay + SymPy groebner target,1.14.0,True,x_i^q=x_i applied to core during construction,12,20000,80000,0.04036,0.0,3.13.4,Windows-11-10.0.26200-SP0
q5-a0_1-b0_0-t1,True,False,-x1**2 - x1*x2**2 + 2*x1 + 2*x2**3 + 2*x2**2 - 2*x2 - 2;2*x1**2 + x1*x2**2 + 2*x1*x2 - x1 - 2*x2**3 - x2**2 - 2*x2 + 2,4,4,5,3,4,4,5,2,2,known_variant,complete,solving_degree,1;1;1,0;1,0;0,0;4,4;0,True,2,4;3,7;7,5,"exact: kernel dimension 1, trivial rank 0",5,exact: homogeneous rank fills 6 columns,5,exact: Gröbner basis contained at cutoff 5,0,2,2,21,19,grevlex(x1>...>xm),exact closed Macaulay + SymPy groebner target,1.14.0,True,x_i^q=x_i applied to core during construction,12,20000,80000,0.008557,0.0,3.13.4,Windows-11-10.0.26200-SP0
q5-a0_1-b0_1-t0,True,False,2*x1**2 + x1*x2**2 - 2*x1*x2 - 2*x1 - x2**3 - 2*x2**2 + 2*x2 - 2;-2*x1**2 - x1*x2**2 + 2*x1*x2 + x1 + x2**3 + 2*x2**2 + 2*x2 - 2,4,4,5,3,4,4,5,2,2,known_variant,complete,solving_degree,1;1;1,0;1,0;1,0;1,4;2,True,2,4;3,7;7,5,"exact: kernel dimension 1, trivial rank 0",5,exact: homogeneous rank fills 6 columns,5,exact: Gröbner basis contained at cutoff 5,0,2,2,21,19,grevlex(x1>...>xm),exact closed Macaulay + SymPy groebner target,1.14.0,True,x_i^q=x_i applied to core during construction,12,20000,80000,0.008104,0.0,3.13.4,Windows-11-10.0.26200-SP0
q5-a0_1-b0_1-t1,True,False,2*x1**2 + 2*x1*x2 + 2*x1 - 2*x2**3 + x2**2 - 2*x2;2*x1**2 + 2*x1*x2 - 2*x1 + 2*x2**3 - 2*x2**2 + 2*x2 + 1,4,4,5,3,4,3,5,2,2,known_variant,complete,solving_degree,1;1;1,0;1,0;1,1;2,4;0,True,2,4;3,9;6,5,"exact: kernel dimension 1, trivial rank 0",5,exact: homogeneous rank fills 6 columns,5,exact: Gröbner basis contained at cutoff 5,0,2,2,21,19,grevlex(x1>...>xm),exact closed Macaulay + SymPy groebner target,1.14.0,True,x_i^q=x_i applied to core during construction,12,20000,80000,0.009295,0.0,3.13.4,Windows-11-10.0.26200-SP0
q5-a0_1-b1_0-t0,True,False,2*x1**2 + 2*x1*x2**2 + 2*x1*x2 - 2*x2**3 + x2**2 + x2 - 2;x1**2 - 2*x1*x2**2 - x1*x2 + 2*x1 + 2*x2**3 + 2*x2**2 + x2 + 1,4,4,5,3,4,3,5,2,2,known_variant,complete,solving_degree,1;1;1,0;1,1;0,1;3,4;0,True,2,4;3,8;8,5,"exact: kernel dimension 1, trivial rank 0",5,exact: homogeneous rank fills 6 columns,5,exact: Gröbner basis contained at cutoff 5,0,2,2,21,19,grevlex(x1>...>xm),exact closed Macaulay + SymPy groebner target,1.14.0,True,x_i^q=x_i applied to core during construction,12,20000,80000,0.008674,0.0,3.13.4,Windows-11-10.0.26200-SP0
q5-a0_1-b1_0-t1,True,False,2*x1**2 + x1*x2**2 - 2*x1*x2 - x1 - x2**2 - 2*x2;-x1**2 - x1*x2**2 - x1*x2 + x1 + 2*x2**2 + 2*x2 + 1,4,4,5,3,4,3,5,2,2,known_variant,complete,solving_degree,1;1;1,0;1,1;0,2;4,4;3,True,2,4;3,9;6,5,"exact: kernel dimension 1, trivial rank 0",5,exact: homogeneous rank fills 6 columns,5,exact: Gröbner basis contained at cutoff 5,0,3,3,21,17,grevlex(x1>...>xm),exact closed Macaulay + SymPy groebner target,1.14.0,True,x_i^q=x_i applied to core during construction,12,20000,80000,0.010085,0.0,3.13.4,Windows-11-10.0.26200-SP0
q5-a0_1-b1_1-t0,True,False,-x1**2 - 2*x1*x2**2 + x1 - 2*x2**2 + 2;2*x1*x2**2 - 2*x1*x2 + x1 + x2**2 + 2*x2 + 1,4,4,5,3,4,4,5,2,2,known_variant,complete,solving_degree,1;1;1,0;1,1;1,2;1,4;0,True,2,4;3,8;8,5,"exact: kernel dimension 1, trivial rank 0",5,exact: homogeneous rank fills 6 columns,5,exact: Gröbner basis contained at cutoff 5,0,2,2,21,19,grevlex(x1>...>xm),exact closed Macaulay + SymPy groebner target,1.14.0,True,x_i^q=x_i applied to core during construction,12,20000,80000,0.008042,0.0,3.13.4,Windows-11-10.0.26200-SP0
q5-a0_1-b1_1-t1,True,False,-x1**2 - 2*x1*x2**2 + 2*x1*x2 - 2*x2**3 + 2*x2**2 + 1;-x1**2 + 2*x1*x2**2 - x1*x2 - x1 + 2*x2**3 + x2**2 - x2 - 1,4,4,5,3,4,4,5,2,2,known_variant,complete,solving_degree,1;1;1,0;1,1;1,3;3,4;1,True,2,4;3,6;7,5,"exact: kernel dimension 1, trivial rank 0",5,exact: homogeneous rank fills 6 columns,5,exact: Gröbner basis contained at cutoff 5,0,2,2,21,19,grevlex(x1>...>xm),exact closed Macaulay + SymPy groebner target,1.14.0,True,x_i^q=x_i applied to core during construction,12,20000,80000,0.007399,0.0,3.13.4,Windows-11-10.0.26200-SP0
q5-a0_1-b2_0-t0,True,False,-2*x1**2 + x1*x2**2 + 2*x1*x2 - x1 + 2*x2**3 + 2*x2**2 - 2*x2;-x1**2 - x1*x2**2 - x1*x2 + x1 - 2*x2**3 + 2*x2 + 2,4,4,5,3,4,3,5,2,2,known_variant,complete,solving_degree,1;1;1,0;1,2;0,0;2,2;0,True,2,4;3,7;8,5,"exact: kernel dimension 1, trivial rank 0",5,exact: homogeneous rank fills 6 columns,5,exact: Gröbner basis contained at cutoff 5,0,2,2,21,19,grevlex(x1>...>xm),exact closed Macaulay + SymPy groebner target,1.14.0,True,x_i^q=x_i applied to core during construction,12,20000,80000,0.007377,0.0,3.13.4,Windows-11-10.0.26200-SP0
q5-a0_1-b2_0-t1,True,False,-x1**2 - 2*x1*x2**2 + 2*x1*x2 + 2*x1 + 2*x2**3 + 2*x2**2 - 2*x2;2*x1**2 + 2*x1*x2**2 + x1*x2 - x1 - 2*x2**3 - x2**2 - 2*x2 - 1,4,4,5,3,4,3,5,2,2,known_variant,complete,solving_degree,1;1;1,0;1,2;0,2;4,2;0,True,2,4;3,7;6,5,"exact: kernel dimension 1, trivial rank 0",5,exact: homogeneous rank fills 6 columns,5,exact: Gröbner basis contained at cutoff 5,0,2,2,21,19,grevlex(x1>...>xm),exact closed Macaulay + SymPy groebner target,1.14.0,True,x_i^q=x_i applied to core during construction,12,20000,80000,0.006638,0.0,3.13.4,Windows-11-10.0.26200-SP0
q5-a0_1-b2_1-t0,True,False,-x1**2 + 2*x1*x2**2 + 2*x1*x2 + 2*x1 + 2*x2**2 - 1;-2*x1**2 - 2*x1*x2**2 + 2*x1*x2 + x1 - 2*x2 + 1,4,4,5,3,4,3,5,2,2,known_variant,complete,solving_degree,1;1;1,0;1,2;1,0;4,3;2,True,2,4;3,4;7,5,"exact: kernel dimension 1, trivial rank 0",5,exact: homogeneous rank fills 6 columns,5,exact: Gröbner basis contained at cutoff 5,0,2,2,21,19,grevlex(x1>...>xm),exact closed Macaulay + SymPy groebner target,1.14.0,True,x_i^q=x_i applied to core during construction,12,20000,80000,0.005693,0.0,3.13.4,Windows-11-10.0.26200-SP0
q5-a0_1-b2_1-t1,True,False,-2*x1**2 + x1*x2**2 + x1*x2 - x1 + 2*x2**3 - 2*x2**2 - 1;-x1*x2**2 - x1 - 2*x2**3 - 2*x2,4,4,5,3,4,4,5,2,2,known_variant,complete,solving_degree,1;1;1,0;1,2;1,2;3,4;2,True,2,4;3,5;8,5,"exact: kernel dimension 1, trivial rank 0",5,exact: homogeneous rank fills 6 columns,5,exact: Gröbner basis contained at cutoff 5,0,2,2,21,19,grevlex(x1>...>xm),exact closed Macaulay + SymPy groebner target,1.14.0,True,x_i^q=x_i applied to core during construction,12,20000,80000,0.007423,0.0,3.13.4,Windows-11-10.0.26200-SP0
q5-a0_1-b3_0-t0,True,False,2*x1**2 + x1*x2**2 - 2*x1*x2 - x1 + 2*x2**3 - 2*x2**2 - 2*x2;x1**2 - x1*x2**2 + x1*x2 + x1 - 2*x2**3 + 2*x2 - 2,4,4,5,3,4,3,5,2,2,known_variant,complete,solving_degree,1;1;1,0;1,3;0,0;3,3;0,True,2,4;3,7;8,5,"exact: kernel dimension 1, trivial rank 0",5,exact: homogeneous rank fills 6 columns,5,exact: Gröbner basis contained at cutoff 5,0,2,2,21,19,grevlex(x1>...>xm),exact closed Macaulay + SymPy groebner target,1.14.0,True,x_i^q=x_i applied to core during construction,12,20000,80000,0.005983,0.0,3.13.4,Windows-11-10.0.26200-SP0
q5-a0_1-b3_0-t1,True,False,x1**2 - 2*x1*x2**2 - 2*x1*x2 + 2*x1 + 2*x2**3 - 2*x2**2 - 2*x2;-2*x1**2 + 2*x1*x2**2 - x1*x2 - x1 - 2*x2**3 + x2**2 - 2*x2 + 1,4,4,5,3,4,3,5,2,2,known_variant,complete,solving_degree,1;1;1,0;1,3;0,3;1,3;0,True,2,4;3,7;6,5,"exact: kernel dimension 1, trivial rank 0",5,exact: homogeneous rank fills 6 columns,5,exact: Gröbner basis contained at cutoff 5,0,2,2,21,19,grevlex(x1>...>xm),exact closed Macaulay + SymPy groebner target,1.14.0,True,x_i^q=x_i applied to core during construction,12,20000,80000,0.006514,0.0,3.13.4,Windows-11-10.0.26200-SP0
q5-a0_1-b4_0-t0,True,False,-2*x1**2 + x1*x2**2 + 2*x1*x2 - x1 + x2**2 - 2*x2;x1**2 - x1*x2**2 + x1*x2 + x1 - 2*x2**2 + 2*x2 - 1,4,4,5,3,4,3,5,2,2,known_variant,complete,solving_degree,1;1;1,0;1,4;0,3;1,2;1,True,2,4;3,9;6,5,"exact: kernel dimension 1, trivial rank 0",5,exact: homogeneous rank fills 6 columns,5,exact: Gröbner basis contained at cutoff 5,0,3,3,21,17,grevlex(x1>...>xm),exact closed Macaulay + SymPy groebner target,1.14.0,True,x_i^q=x_i applied to core during construction,12,20000,80000,0.007781,0.0,3.13.4,Windows-11-10.0.26200-SP0
q5-a0_1-b4_0-t1,True,False,-2*x1**2 + 2*x1*x2**2 - 2*x1*x2 - 2*x2**3 - x2**2 + x2 + 2;-x1**2 - 2*x1*x2**2 + x1*x2 + 2*x1 + 2*x2**3 - 2*x2**2 + x2 - 1,4,4,5,3,4,3,5,2,2,known_variant,complete,solving_degree,1;1;1,0;1,4;0,4;2,1;0,True,2,4;3,8;8,5,"exact: kernel dimension 1, trivial rank 0",5,exact: homogeneous rank fills 6 columns,5,exact: Gröbner basis contained at cutoff 5,0,2,2,21,19,grevlex(x1>...>xm),exact closed Macaulay + SymPy groebner target,1.14.0,True,x_i^q=x_i applied to core during construction,12,20000,80000,0.008849,0.0,3.13.4,Windows-11-10.0.26200-SP0
q5-a0_1-b4_1-t0,True,False,x1**2 - 2*x1*x2 - 2*x2**3 - x2**2 + 2*x2 - 2;x1**2 + x1*x2 + 2*x1 + 2*x2**3 - 2*x2**2 + 2,4,4,5,3,4,3,5,2,2,known_variant,complete,solving_degree,1;1;1,0;1,4;1,0;1,4;1,True,2,4;3,7;7,5,"exact: kernel dimension 1, trivial rank 0",5,exact: homogeneous rank fills 6 columns,5,exact: Gröbner basis contained at cutoff 5,0,2,2,21,19,grevlex(x1>...>xm),exact closed Macaulay + SymPy groebner target,1.14.0,True,x_i^q=x_i applied to core during construction,12,20000,80000,0.007621,0.0,3.13.4,Windows-11-10.0.26200-SP0
q5-a0_1-b4_1-t1,True,False,-x1**2 + x1*x2**2 + 2*x1 - 2*x2**3 + 2*x2**2 + 2*x2 + 1;-2*x1**2 - x1*x2**2 - 2*x1*x2 + 2*x2**3 - 2,4,4,5,3,4,3,5,2,2,known_variant,complete,solving_degree,1;1;1,0;1,4;1,2;4,1;1,True,2,4;3,9;4,5,"exact: kernel dimension 1, trivial rank 0",5,exact: homogeneous rank fills 6 columns,5,exact: Gröbner basis contained at cutoff 5,0,2,1,21,20,grevlex(x1>...>xm),exact closed Macaulay + SymPy groebner target,1.14.0,True,x_i^q=x_i applied to core during construction,12,20000,80000,0.008781,0.0,3.13.4,Windows-11-10.0.26200-SP0
q5-a0_2-b0_1-t0,True,False,-2*x1**2 - 2*x1*x2**2 - x1 - x2**3 + 2*x2**2;-2*x1**2 + 2*x1*x2**2 + 2*x1*x2 + x2**3 - x2**2 - x2,4,4,5,3,4,4,5,2,2,known_variant,complete,solving_degree,1;1;1,0;2,0;1,0;1,3;2,True,2,4;3,6;5,5,"exact: kernel dimension 1, trivial rank 0",5,exact: homogeneous rank fills 6 columns,5,exact: Gröbner basis contained at cutoff 5,0,2,3,21,18,grevlex(x1>...>xm),exact closed Macaulay + SymPy groebner target,1.14.0,True,x_i^q=x_i applied to core during construction,12,20000,80000,0.006596,0.0,3.13.4,Windows-11-10.0.26200-SP0
q5-a0_2-b0_1-t1,True,False,2*x1**2 + x1*x2**2 + x1 - x2**2 + 1;-x1*x2**2 - x1*x2 - 2*x1 - 2*x2**2 - x2 - 1,4,4,5,3,4,3,5,2,2,known_variant,complete,solving_degree,1;1;1,0;2,0;1,0;3,3;2,True,2,4;3,7;8,5,"exact: kernel dimension 1, trivial rank 0",5,exact: homogeneous rank fills 6 columns,5,exact: Gröbner basis contained at cutoff 5,0,3,2,21,18,grevlex(x1>...>xm),exact closed Macaulay + SymPy groebner target,1.14.0,True,x_i^q=x_i applied to core during construction,12,20000,80000,0.008787,0.0,3.13.4,Windows-11-10.0.26200-SP0
q5-a0_2-b1_0-t0,True,False,x1*x2**2 + 2*x1*x2 + x1 - 2*x2**3 - x2**2 - x2 - 1;2*x1**2 - x1*x2**2 + 2*x1*x2 - 2*x1 + 2*x2**3 - 2*x2**2,4,4,5,3,4,3,5,2,2,known_variant,complete,solving_degree,1;1;1,0;2,1;0,0;1,1;0,True,2,4;3,5;8,5,"exact: kernel dimension 1, trivial rank 0",5,exact: homogeneous rank fills 6 columns,5,exact: Gröbner basis contained at cutoff 5,0,2,2,21,19,grevlex(x1>...>xm),exact closed Macaulay + SymPy groebner target,1.14.0,True,x_i^q=x_i applied to core during construction,12,20000,80000,0.007717,0.0,3.13.4,Windows-11-10.0.26200-SP0
q5-a0_2-b1_0-t1,True,False,x1*x2**2 - x1*x2 + x1 + 2*x2**2 - 2*x2 + 1;x1**2 - x1*x2**2 - 2*x1*x2 + 2*x1 - x2**2 + 1,4,4,5,3,4,3,5,2,2,known_variant,complete,solving_degree,1;1;1,0;2,1;0,1;4,4;0,True,2,4;3,6;7,5,"exact: kernel dimension 1, trivial rank 0",5,exact: homogeneous rank fills 6 columns,5,exact: Gröbner basis contained at cutoff 5,0,2,2,21,19,grevlex(x1>...>xm),exact closed Macaulay + SymPy groebner target,1.14.0,True,x_i^q=x_i applied to core during construction,12,20000,80000,0.006662,0.0,3.13.4,Windows-11-10.0.26200-SP0
q5-a0_2-b1_1-t0,True,False,2*x1**2 + 2*x1*x2**2 - 2*x1*x2 + x2**3 + 2*x2**2 + x2 - 1;2*x1**2 - 2*x1*x2**2 + x1*x2 + x1 - x2**3 + 2*x2**2 - 2,4,4,5,3,4,3,5,2,2,known_variant,complete,solving_degree,1;1;1,0;2,1;1,2;3,4;2,True,2,4;3,5;5,5,"exact: kernel dimension 1, trivial rank 0",5,exact: homogeneous rank fills 6 columns,5,exact: Gröbner basis contained at cutoff 5,0,2,2,21,19,grevlex(x1>...>xm),exact closed Macaulay + SymPy groebner target,1.14.0,True,x_i^q=x_i applied to core during construction,12,20000,80000,0.006252,0.0,3.13.4,Windows-11-10.0.26200-SP0
q5-a0_2-b1_1-t1,True,False,-x1**2 + x1*x2**2 - x1*x2 - 2*x1 + 2*x2**3 + 2*x2**2 - x2 - 2;-x1**2 - x1*x2**2 + 2*x1*x2 - 2*x1 - 2*x2**3 + x2**2 + 2*x2 - 2,4,4,5,3,4,3,5,2,2,known_variant,complete,solving_degree,1;1;1,0;2,1;1,3;1,2;0,True,2,4;3,7;6,5,"exact: kernel dimension 1, trivial rank 0",5,exact: homogeneous rank fills 6 columns,5,exact: Gröbner basis contained at cutoff 5,0,2,2,21,19,grevlex(x1>...>xm),exact closed Macaulay + SymPy groebner target,1.14.0,True,x_i^q=x_i applied to core during construction,12,20000,80000,0.006735,0.0,3.13.4,Windows-11-10.0.26200-SP0
q5-a0_2-b2_1-t0,True,False,2*x1**2 + x1*x2**2 + x1*x2 - x1 + x2**3 + x2 - 2;-x1*x2**2 - x1 - x2**3 + 2*x2**2 + 2*x2 + 1,4,4,5,3,4,3,5,2,2,known_variant,complete,solving_degree,1;1;1,0;2,2;1,0;3,2;1,True,2,4;3,7;8,5,"exact: kernel dimension 1, trivial rank 0",5,exact: homogeneous rank fills 6 columns,5,exact: Gröbner basis contained at cutoff 5,0,2,2,21,19,grevlex(x1>...>xm),exact closed Macaulay + SymPy groebner target,1.14.0,True,x_i^q=x_i applied to core during construction,12,20000,80000,0.007779,0.0,3.13.4,Windows-11-10.0.26200-SP0
q5-a0_2-b2_1-t1,True,False,-2*x1**2 - 2*x1*x2**2 + x1*x2 + 2*x1 + x2**3 - 2*x2**2 + 2*x2;-2*x1**2 + 2*x1*x2**2 + x1*x2 - 2*x1 - x2**3 - 2*x2**2 - 2*x2 + 1,4,4,5,3,4,4,5,2,2,known_variant,complete,solving_degree,1;1;1,0;2,2;1,2;4,1;1,True,2,4;3,9;6,5,"exact: kernel dimension 1, trivial rank 0",5,exact: homogeneous rank fills 6 columns,5,exact: Gröbner basis contained at cutoff 5,0,2,1,21,20,grevlex(x1>...>xm),exact closed Macaulay + SymPy groebner target,1.14.0,True,x_i^q=x_i applied to core during construction,12,20000,80000,0.006736,0.0,3.13.4,Windows-11-10.0.26200-SP0
q5-a0_2-b3_1-t0,True,False,-x1**2 + x1*x2**2 - x1*x2 + 2*x1 + 2*x2**3 + x2**2 - 2*x2 + 1;-2*x1**2 - x1*x2**2 - x1*x2 - 2*x2**3 + x2**2 - x2,4,4,5,3,4,3,5,2,2,known_variant,complete,solving_degree,1;1;1,0;2,3;1,4;4,3;2,True,2,4;3,6;8,5,"exact: kernel dimension 1, trivial rank 0",5,exact: homogeneous rank fills 6 columns,5,exact: Gröbner basis contained at cutoff 5,0,2,2,21,19,grevlex(x1>...>xm),exact closed Macaulay + SymPy groebner target,1.14.0,True,x_i^q=x_i applied to core during construction,12,20000,80000,0.007743,0.0,3.13.4,Windows-11-10.0.26200-SP0
q5-a0_2-b3_1-t1,True,False,-2*x1**2 - x1*x2**2 + 2*x1*x2 + 2*x2**3 - 2*x2 + 1;2*x1**2 + x1*x2**2 + 2*x1*x2 - 2*x1 - 2*x2**3 + 1,4,4,5,3,4,3,5,2,2,known_variant,complete,solving_degree,1;1;1,0;2,3;1,1;1,2;2,True,2,4;3,6;8,5,"exact: kernel dimension 1, trivial rank 0",5,exact: homogeneous rank fills 6 columns,5,exact: Gröbner basis contained at cutoff 5,0,2,1,21,20,grevlex(x1>...>xm),exact closed Macaulay + SymPy groebner target,1.14.0,True,x_i^q=x_i applied to core during construction,12,20000,80000,0.008575,0.0,3.13.4,Windows-11-10.0.26200-SP0
q5-a0_2-b4_0-t0,True,False,x1*x2**2 - 2*x1*x2 + x1 - 2*x2**3 + x2**2 - x2 + 1;-2*x1**2 - x1*x2**2 - 2*x1*x2 - 2*x1 + 2*x2**3 + 2*x2**2,4,4,5,3,4,3,5,2,2,known_variant,complete,solving_degree,1;1;1,0;2,4;0,0;4,4;0,True,2,4;3,5;8,5,"exact: kernel dimension 1, trivial rank 0",5,exact: homogeneous rank fills 6 columns,5,exact: Gröbner basis contained at cutoff 5,0,2,2,21,19,grevlex(x1>...>xm),exact closed Macaulay + SymPy groebner target,1.14.0,True,x_i^q=x_i applied to core during construction,12,20000,80000,0.007078,0.0,3.13.4,Windows-11-10.0.26200-SP0
q5-a0_2-b4_0-t1,True,False,-2*x1**2 - x1*x2 + 2*x1 - 2*x2**3 - 2*x2**2 - x2 - 1;2*x1*x2 - 2*x1 + 2*x2**3 + x2 - 2,4,4,5,3,4,4,5,2,2,known_variant,complete,solving_degree,1;1;1,0;2,4;0,1;2,4;0,True,2,4;3,8;6,5,"exact: kernel dimension 1, trivial rank 0",5,exact: homogeneous rank fills 6 columns,5,exact: Gröbner basis contained at cutoff 5,0,2,2,21,19,grevlex(x1>...>xm),exact closed Macaulay + SymPy groebner target,1.14.0,True,x_i^q=x_i applied to core during construction,12,20000,80000,0.007429,0.0,3.13.4,Windows-11-10.0.26200-SP0
q5-a0_2-b4_1-t0,True,False,2*x1**2 + 2*x1*x2**2 - x1*x2 + 2*x1 + 2*x2**2 - 2*x2 + 1;-2*x1*x2**2 - x1*x2 - x2 + 2,4,4,5,3,4,3,5,2,2,known_variant,complete,solving_degree,1;1;1,0;2,4;1,2;1,2;1,True,2,4;3,9;7,5,"exact: kernel dimension 1, trivial rank 0",5,exact: homogeneous rank fills 6 columns,5,exact: Gröbner basis contained at cutoff 5,0,2,2,21,19,grevlex(x1>...>xm),exact closed Macaulay + SymPy groebner target,1.14.0,True,x_i^q=x_i applied to core during construction,12,20000,80000,0.008934,0.0,3.13.4,Windows-11-10.0.26200-SP0
q5-a0_2-b4_1-t1,True,False,-2*x1**2 + 2*x1*x2**2 + x1*x2 - x1 - x2**3 + 2*x2**2 - 2*x2 - 1;-x1**2 - 2*x1*x2**2 - 2*x1*x2 - x1 + x2**3 + 2,4,4,5,3,4,3,5,2,2,known_variant,complete,solving_degree,1;1;1,0;2,4;1,1;3,2;2,True,2,4;3,9;8,5,"exact: kernel dimension 1, trivial rank 0",5,exact: homogeneous rank fills 6 columns,5,exact: Gröbner basis contained at cutoff 5,0,2,1,21,20,grevlex(x1>...>xm),exact closed Macaulay + SymPy groebner target,1.14.0,True,x_i^q=x_i applied to core during construction,12,20000,80000,0.007238,0.0,3.13.4,Windows-11-10.0.26200-SP0
q5-a1_1-b0_0-t0,True,False,-2*x1**2 - 2*x1*x2**2 - x1*x2 - x1 - 2*x2**2 + x2 + 2;2*x1*x2**2 + x1*x2 + x1 - x2 - 1,4,4,5,3,4,3,5,2,2,known_variant,complete,solving_degree,1;1;1,1;1,0;0,0;2,3;2,True,2,4;3,6;6,5,"exact: kernel dimension 1, trivial rank 0",5,exact: homogeneous rank fills 6 columns,5,exact: Gröbner basis contained at cutoff 5,0,2,2,21,19,grevlex(x1>...>xm),exact closed Macaulay + SymPy groebner target,1.14.0,True,x_i^q=x_i applied to core during construction,12,20000,80000,0.005226,0.0,3.13.4,Windows-11-10.0.26200-SP0
q5-a1_1-b0_0-t1,True,False,2*x1**2 - 2*x1*x2**2 + x1*x2 - x1 + 2*x2**2 + x2 - 2;2*x1*x2**2 - x1*x2 + x1 - x2 + 1,4,4,5,3,4,3,5,2,2,known_variant,complete,solving_degree,1;1;1,1;1,0;0,0;3,3;2,True,2,4;3,6;6,5,"exact: kernel dimension 1, trivial rank 0",5,exact: homogeneous rank fills 6 columns,5,exact: Gröbner basis contained at cutoff 5,0,2,2,21,19,grevlex(x1>...>xm),exact closed Macaulay + SymPy groebner target,1.14.0,True,x_i^q=x_i applied to core during construction,12,20000,80000,0.00741,0.0,3.13.4,Windows-11-10.0.26200-SP0
q5-a1_1-b0_1-t0,True,False,-x1**2 - 2*x1*x2**2 + 2*x1*x2 - 2*x1 - 2*x2**3 - x2 - 2;2*x1*x2**2 + x1*x2 - 2*x1 + 2*x2**3 - x2**2 + 2*x2 + 2,4,4,5,3,4,4,5,2,2,known_variant,complete,solving_degree,1;1;1,1;1,0;1,0;1,4;2,True,2,4;3,6;6,5,"exact: kernel dimension 1, trivial rank 0",5,exact: homogeneous rank fills 6 columns,5,exact: Gröbner basis contained at cutoff 5,0,2,4,21,17,grevlex(x1>...>xm),exact closed Macaulay + SymPy groebner target,1.14.0,True,x_i^q=x_i applied to core during construction,12,20000,80000,0.008842,0.0,3.13.4,Windows-11-10.0.26200-SP0
q5-a1_1-b0_1-t1,True,False,-x1**2 + x1*x2**2 + x1 - 2*x2**3 - x2**2 - x2 + 2;-x1**2 - x1*x2**2 + x1*x2 - 2*x1 + 2*x2**3 - x2**2 - 2,4,4,5,3,4,3,5,2,2,known_variant,complete,solving_degree,1;1;1,1;1,0;1,0;2,4;1,True,2,4;3,7;8,5,"exact: kernel dimension 1, trivial rank 0",5,exact: homogeneous rank fills 6 columns,5,exact: Gröbner basis contained at cutoff 5,0,3,3,21,17,grevlex(x1>...>xm),exact closed Macaulay + SymPy groebner target,1.14.0,True,x_i^q=x_i applied to core during construction,12,20000,80000,0.006632,0.0,3.13.4,Windows-11-10.0.26200-SP0
q5-a1_1-b1_0-t0,True,False,-x1**2 - x1*x2**2 + x1*x2 - x1 - 2*x2**3 + x2**2 - 2*x2;2*x1**2 + x1*x2**2 + 2*x1*x2 + x1 + 2*x2**3 + 2*x2 - 1,4,4,5,3,4,3,5,2,2,known_variant,complete,solving_degree,1;1;1,1;1,1;0,1;1,4;0,True,2,4;3,7;8,5,"exact: kernel dimension 1, trivial rank 0",5,exact: homogeneous rank fills 6 columns,5,exact: Gröbner basis contained at cutoff 5,0,2,2,21,19,grevlex(x1>...>xm),exact closed Macaulay + SymPy groebner target,1.14.0,True,x_i^q=x_i applied to core during construction,12,20000,80000,0.009126,0.0,3.13.4,Windows-11-10.0.26200-SP0
q5-a1_1-b1_0-t1,True,False,2*x1**2 + 2*x1*x2**2 + x1*x2 + 2*x1 - 2*x2**3 + x2**2 - 2*x2;x1**2 - 2*x1*x2**2 - 2*x1*x2 - x1 + 2*x2**3 + 2*x2**2 - 2*x2 - 2,4,4,5,3,4,3,5,2,2,known_variant,complete,solving_degree,1;1;1,1;1,1;0,1;2,4;0,True,2,4;3,9;6,5,"exact: kernel dimension 1, trivial rank 0",5,exact: homogeneous rank fills 6 columns,5,exact: Gröbner basis contained at cutoff 5,0,2,2,21,19,grevlex(x1>...>xm),exact closed Macaulay + SymPy groebner target,1.14.0,True,x_i^q=x_i applied to core during construction,12,20000,80000,0.01089,0.0,3.13.4,Windows-11-10.0.26200-SP0
q5-a1_1-b1_1-t0,True,False,-2*x1**2 - x1*x2**2 - 2*x1*x2 - x1 - x2**3 - x2**2 + x2 + 1;2*x1**2 + x1*x2**2 + x1 + x2**3 + x2**2 - x2 - 1,4,4,5,3,4,3,5,2,2,known_variant,complete,solving_degree,1;1;1,1;1,1;1,1;3,4;0,True,2,4;3,7;8,5,"exact: kernel dimension 1, trivial rank 0",5,exact: homogeneous rank fills 6 columns,5,exact: Gröbner basis contained at cutoff 5,0,2,2,21,19,grevlex(x1>...>xm),exact closed Macaulay + SymPy groebner target,1.14.0,True,x_i^q=x_i applied to core during construction,12,20000,80000,0.010571,0.0,3.13.4,Windows-11-10.0.26200-SP0
q5-a1_1-b1_1-t1,True,False,2*x1**2 + x1*x2 - x1 + x2**2 - 2*x2 + 2;x1**2 + x1*x2 - 2*x1 + 2*x2**2 - x2 + 2,4,4,5,2,3,3,5,2,2,known_variant,complete,solving_degree,1;1;1,1;1,1;1,1;4,4;0,True,2,4;3,7;8,5,"exact: kernel dimension 1, trivial rank 0",5,exact: homogeneous rank fills 6 columns,5,exact: Gröbner basis contained at cutoff 5,0,2,2,21,19,grevlex(x1>...>xm),exact closed Macaulay + SymPy groebner target,1.14.0,True,x_i^q=x_i applied to core during construction,12,20000,80000,0.00805,0.0,3.13.4,Windows-11-10.0.26200-SP0
q5-a1_1-b2_0-t0,True,False,-x1**2 - 2*x1*x2**2 - x1*x2 + 2*x2**3 + 2*x2**2 + x2 - 1;2*x1**2 + 2*x1*x2**2 - 2*x1*x2 + 2*x1 - 2*x2**3 - x2**2 + x2 - 2,4,4,5,3,4,3,5,2,2,known_variant,complete,solving_degree,1;1;1,1;1,2;0,4;1,2;0,True,2,4;3,7;8,5,"exact: kernel dimension 1, trivial rank 0",5,exact: homogeneous rank fills 6 columns,5,exact: Gröbner basis contained at cutoff 5,0,2,2,21,19,grevlex(x1>...>xm),exact closed Macaulay + SymPy groebner target,1.14.0,True,x_i^q=x_i applied to core during construction,12,20000,80000,0.007421,0.0,3.13.4,Windows-11-10.0.26200-SP0
q5-a1_1-b2_0-t1,True,False,-x1**2 - x1*x2**2 + x1*x2 - x1 - 2*x2**2 - 2*x2;-2*x1**2 + x1*x2**2 - 2*x1*x2 + x1 - x2**2 + 2*x2 - 2,4,4,5,3,4,3,5,2,2,known_variant,complete,solving_degree,1;1;1,1;1,2;0,4;3,4;2,True,2,4;3,7;6,5,"exact: kernel dimension 1, trivial rank 0",5,exact: homogeneous rank fills 6 columns,5,exact: Gröbner basis contained at cutoff 5,0,3,3,21,17,grevlex(x1>...>xm),exact closed Macaulay + SymPy groebner target,1.14.0,True,x_i^q=x_i applied to core during construction,12,20000,80000,0.007182,0.0,3.13.4,Windows-11-10.0.26200-SP0
q5-a1_1-b3_0-t0,True,False,x1**2 - x1*x2**2 - x1*x2 - x1 + 2*x2**2 - 2*x2;2*x1**2 + x1*x2**2 + 2*x1*x2 + x1 + x2**2 + 2*x2 + 2,4,4,5,3,4,3,5,2,2,known_variant,complete,solving_degree,1;1;1,1;1,3;0,1;2,3;1,True,2,4;3,7;6,5,"exact: kernel dimension 1, trivial rank 0",5,exact: homogeneous rank fills 6 columns,5,exact: Gröbner basis contained at cutoff 5,0,3,3,21,17,grevlex(x1>...>xm),exact closed Macaulay + SymPy groebner target,1.14.0,True,x_i^q=x_i applied to core during construction,12,20000,80000,0.006773,0.0,3.13.4,Windows-11-10.0.26200-SP0
q5-a1_1-b3_0-t1,True,False,x1**2 - 2*x1*x2**2 + x1*x2 + 2*x2**3 - 2*x2**2 + x2 + 1;-2*x1**2 + 2*x1*x2**2 + 2*x1*x2 + 2*x1 - 2*x2**3 + x2**2 + x2 + 2,4,4,5,3,4,3,5,2,2,known_variant,complete,solving_degree,1;1;1,1;1,3;0,1;4,3;0,True,2,4;3,7;8,5,"exact: kernel dimension 1, trivial rank 0",5,exact: homogeneous rank fills 6 columns,5,exact: Gröbner basis contained at cutoff 5,0,2,2,21,19,grevlex(x1>...>xm),exact closed Macaulay + SymPy groebner target,1.14.0,True,x_i^q=x_i applied to core during construction,12,20000,80000,0.008678,0.0,3.13.4,Windows-11-10.0.26200-SP0
q5-a1_1-b3_1-t0,True,False,2*x1**2 - x1*x2**2 + x1*x2 - 2*x1 + x2**3 + 2*x2**2 + x2 + 2;-x1**2 + x1*x2**2 + x1*x2 - 2*x1 - x2**3 - x2**2 - 2,4,4,5,3,4,3,5,2,2,known_variant,complete,solving_degree,1;1;1,1;1,3;1,1;1,4;1,True,2,4;3,7;8,5,"exact: kernel dimension 1, trivial rank 0",5,exact: homogeneous rank fills 6 columns,5,exact: Gröbner basis contained at cutoff 5,0,3,2,21,18,grevlex(x1>...>xm),exact closed Macaulay + SymPy groebner target,1.14.0,True,x_i^q=x_i applied to core during construction,12,20000,80000,0.007342,0.0,3.13.4,Windows-11-10.0.26200-SP0
q5-a1_1-b3_1-t1,True,False,-2*x1**2 + 2*x1*x2**2 - x1*x2 - x2**3 + x2**2 - x2 - 1;-2*x1*x2**2 + x1*x2 + x2**3 + 2*x2**2 + x2 + 1,4,4,5,3,4,3,5,2,2,known_variant,complete,solving_degree,1;1;1,1;1,3;1,4;4,4;2,True,2,4;3,7;8,5,"exact: kernel dimension 1, trivial rank 0",5,exact: homogeneous rank fills 6 columns,5,exact: Gröbner basis contained at cutoff 5,0,2,2,21,19,grevlex(x1>...>xm),exact closed Macaulay + SymPy groebner target,1.14.0,True,x_i^q=x_i applied to core during construction,12,20000,80000,0.007656,0.0,3.13.4,Windows-11-10.0.26200-SP0
q5-a1_1-b4_0-t0,True,False,-2*x1**2 + 2*x1*x2**2 - x1*x2 + 2*x1 - 2*x2**3 - x2**2 - 2*x2;-x1**2 - 2*x1*x2**2 + 2*x1*x2 - x1 + 2*x2**3 - 2*x2**2 - 2*x2 + 2,4,4,5,3,4,3,5,2,2,known_variant,complete,solving_degree,1;1;1,1;1,4;0,4;3,1;0,True,2,4;3,9;6,5,"exact: kernel dimension 1, trivial rank 0",5,exact: homogeneous rank fills 6 columns,5,exact: Gröbner basis contained at cutoff 5,0,2,2,21,19,grevlex(x1>...>xm),exact closed Macaulay + SymPy groebner target,1.14.0,True,x_i^q=x_i applied to core during construction,12,20000,80000,0.008727,0.0,3.13.4,Windows-11-10.0.26200-SP0
q5-a1_1-b4_0-t1,True,False,x1**2 - x1*x2**2 - x1*x2 - x1 - 2*x2**3 - x2**2 - 2*x2;-2*x1**2 + x1*x2**2 - 2*x1*x2 + x1 + 2*x2**3 + 2*x2 + 1,4,4,5,3,4,3,5,2,2,known_variant,complete,solving_degree,1;1;1,1;1,4;0,4;4,1;0,True,2,4;3,7;8,5,"exact: kernel dimension 1, trivial rank 0",5,exact: homogeneous rank fills 6 columns,5,exact: Gröbner basis contained at cutoff 5,0,2,2,21,19,grevlex(x1>...>xm),exact closed Macaulay + SymPy groebner target,1.14.0,True,x_i^q=x_i applied to core during construction,12,20000,80000,0.007822,0.0,3.13.4,Windows-11-10.0.26200-SP0
q5-a1_1-b4_1-t0,True,False,2*x1**2 + 2*x1*x2**2 - x1*x2 + 2*x2**3 + 2*x2**2 + 2*x2;-2*x1*x2**2 + x1 - 2*x2**3 - x2,4,4,5,3,4,3,5,2,2,known_variant,complete,solving_degree,1;1;1,1;1,4;1,0;2,4;3,True,2,4;3,7;8,5,"exact: kernel dimension 1, trivial rank 0",5,exact: homogeneous rank fills 6 columns,5,exact: Gröbner basis contained at cutoff 5,0,2,2,21,19,grevlex(x1>...>xm),exact closed Macaulay + SymPy groebner target,1.14.0,True,x_i^q=x_i applied to core during construction,12,20000,80000,0.007485,0.0,3.13.4,Windows-11-10.0.26200-SP0
q5-a1_1-b4_1-t1,True,False,-2*x1*x2**2 + 2*x1*x2 + 2*x2**3 + 2*x2**2 + x2 - 2;2*x1*x2**2 + 2*x1*x2 + x1 - 2*x2**3 - 2*x2**2 + 2,4,4,5,3,4,3,5,2,2,known_variant,complete,solving_degree,1;1;1,1;1,4;1,3;1,4;3,True,2,4;3,7;4,5,"exact: kernel dimension 1, trivial rank 0",5,exact: homogeneous rank fills 6 columns,5,exact: Gröbner basis contained at cutoff 5,0,2,2,21,19,grevlex(x1>...>xm),exact closed Macaulay + SymPy groebner target,1.14.0,True,x_i^q=x_i applied to core during construction,12,20000,80000,0.007723,0.0,3.13.4,Windows-11-10.0.26200-SP0
q5-a1_2-b0_0-t0,True,False,2*x1**2 - x1*x2**2 - 2*x1*x2 - x1 + 2*x2**3 + x2**2 + 2*x2;-x1**2 + x1*x2**2 - x1*x2 - 2*x2**3 + 2*x2,4,4,5,3,4,4,5,2,2,known_variant,complete,solving_degree,1;1;1,1;2,0;0,0;1,4;2,True,2,4;3,6;7,5,"exact: kernel dimension 1, trivial rank 0",5,exact: homogeneous rank fills 6 columns,5,exact: Gröbner basis contained at cutoff 5,0,3,3,21,17,grevlex(x1>...>xm),exact closed Macaulay + SymPy groebner target,1.14.0,True,x_i^q=x_i applied to core during construction,12,20000,80000,0.008354,0.0,3.13.4,Windows-11-10.0.26200-SP0
q5-a1_2-b0_0-t1,True,False,-2*x1**2 - x1*x2**2 + 2*x1*x2 - x1 + 2*x2**3 - x2**2 + 2*x2;x1**2 + x1*x2**2 + x1*x2 - 2*x2**3 + 2*x2,4,4,5,3,4,4,5,2,2,known_variant,complete,solving_degree,1;1;1,1;2,0;0,0;4,3;2,True,2,4;3,6;7,5,"exact: kernel dimension 1, trivial rank 0",5,exact: homogeneous rank fills 6 columns,5,exact: Gröbner basis contained at cutoff 5,0,3,3,21,17,grevlex(x1>...>xm),exact closed Macaulay + SymPy groebner target,1.14.0,True,x_i^q=x_i applied to core during construction,12,20000,80000,0.006978,0.0,3.13.4,Windows-11-10.0.26200-SP0
q5-a1_2-b0_1-t0,True,False,-x1*x2**2 + x1*x2 + x1 + 2*x2**3 + 2*x2**2 - x2 + 1;x1*x2**2 - 2*x1*x2 - 2*x2**3 - 2*x2**2 + 2*x2,4,4,5,3,4,3,5,2,2,known_variant,complete,solving_degree,1;1;1,1;2,0;1,0;2,3;2,True,2,4;3,6;6,5,"exact: kernel dimension 1, trivial rank 0",5,exact: homogeneous rank fills 6 columns,5,exact: Gröbner basis contained at cutoff 5,0,2,2,21,19,grevlex(x1>...>xm),exact closed Macaulay + SymPy groebner target,1.14.0,True,x_i^q=x_i applied to core during construction,12,20000,80000,0.007941,0.0,3.13.4,Windows-11-10.0.26200-SP0
q5-a1_2-b0_1-t1,True,False,2*x1**2 + 2*x1*x2**2 + x1*x2 - x1 - 2*x2**3 - x2**2 + x2;-x1**2 - 2*x1*x2**2 + x1*x2 - x1 + 2*x2**3 + 2*x2**2 + 2*x2 + 2,4,4,5,3,4,3,5,2,2,known_variant,complete,solving_degree,1;1;1,1;2,0;1,1;4,3;0,True,2,4;3,7;6,5,"exact: kernel dimension 1, trivial rank 0",5,exact: homogeneous rank fills 6 columns,5,exact: Gröbner basis contained at cutoff 5,0,2,2,21,19,grevlex(x1>...>xm),exact closed Macaulay + SymPy groebner target,1.14.0,True,x_i^q=x_i applied to core during construction,12,20000,80000,0.00729,0.0,3.13.4,Windows-11-10.0.26200-SP0
q5-a1_2-b1_0-t0,True,False,2*x1**2 + x1*x2 - 2*x1 - 2*x2**2 - 2;-2*x1**2 + x1*x2 + 2*x2**2 - 2*x2 - 2,4,4,5,2,3,3,5,2,2,known_variant,complete,solving_degree,1;1;1,1;2,1;0,0;3,3;0,True,2,4;3,7;8,5,"exact: kernel dimension 1, trivial rank 0",5,exact: homogeneous rank fills 6 columns,5,exact: Gröbner basis contained at cutoff 5,0,2,2,21,19,grevlex(x1>...>xm),exact closed Macaulay + SymPy groebner target,1.14.0,True,x_i^q=x_i applied to core during construction,12,20000,80000,0.007577,0.0,3.13.4,Windows-11-10.0.26200-SP0
q5-a1_2-b1_0-t1,True,False,-2*x1*x2**2 - x1 + x2**2 + 2*x2 + 2;x1**2 + 2*x1*x2**2 + 2*x1*x2 + 2*x1 - x2 + 1,4,4,5,3,4,3,5,2,2,known_variant,complete,solving_degree,1;1;1,1;2,1;0,1;2,3;3,True,2,4;3,9;4,5,"exact: kernel dimension 1, trivial rank 0",5,exact: homogeneous rank fills 6 columns,5,exact: Gröbner basis contained at cutoff 5,0,2,1,21,20,grevlex(x1>...>xm),exact closed Macaulay + SymPy groebner target,1.14.0,True,x_i^q=x_i applied to core during construction,12,20000,80000,0.006516,0.0,3.13.4,Windows-11-10.0.26200-SP0
q5-a1_2-b1_1-t0,True,False,-2*x1*x2**2 + x1 + x2**3 - 2*x2;2*x1*x2**2 - 2*x1 - x2**3 + x2,4,4,5,3,4,4,5,2,2,known_variant,complete,solving_degree,1;1;1,1;2,1;1,0;1,4;1,True,2,4;3,4;7,5,"exact: kernel dimension 1, trivial rank 0",5,exact: homogeneous rank fills 6 columns,5,exact: Gröbner basis contained at cutoff 5,0,2,2,21,19,grevlex(x1>...>xm),exact closed Macaulay + SymPy groebner target,1.14.0,True,x_i^q=x_i applied to core during construction,12,20000,80000,0.010419,0.0,3.13.4,Windows-11-10.0.26200-SP0
q5-a1_2-b1_1-t1,True,False,-x1*x2**2 + x1*x2 + 2*x2**3 + x2**2 - x2;x1**2 + x1*x2**2 + x1*x2 + x1 - 2*x2**3 + 2*x2,4,4,5,3,4,4,5,2,2,known_variant,complete,solving_degree,1;1;1,1;2,1;1,0;4,4;0,True,2,4;3,6;7,5,"exact: kernel dimension 1, trivial rank 0",5,exact: homogeneous rank fills 6 columns,5,exact: Gröbner basis contained at cutoff 5,0,2,2,21,19,grevlex(x1>...>xm),exact closed Macaulay + SymPy groebner target,1.14.0,True,x_i^q=x_i applied to core during construction,12,20000,80000,0.01745,0.0,3.13.4,Windows-11-10.0.26200-SP0
q5-a1_2-b2_0-t0,True,False,-x1**2 + 2*x1*x2 - 2*x1 + x2**2 - 1;x1**2 + 2*x1*x2 - x2**2 - 2*x2 - 1,4,4,5,2,3,3,5,2,2,known_variant,complete,solving_degree,1;1;1,1;2,2;0,1;1,4;0,True,2,4;3,7;8,5,"exact: kernel dimension 1, trivial rank 0",5,exact: homogeneous rank fills 6 columns,5,exact: Gröbner basis contained at cutoff 5,0,2,2,21,19,grevlex(x1>...>xm),exact closed Macaulay + SymPy groebner target,1.14.0,True,x_i^q=x_i applied to core during construction,12,20000,80000,0.008389,0.0,3.13.4,Windows-11-10.0.26200-SP0
q5-a1_2-b2_0-t1,True,False,2*x1*x2**2 - x1 + 2*x2**2 + 2*x2 + 1;2*x1**2 - 2*x1*x2**2 - x1*x2 + 2*x1 - x2 - 2,4,4,5,3,4,3,5,2,2,known_variant,complete,solving_degree,1;1;1,1;2,2;0,2;4,4;4,True,2,4;3,9;4,5,"exact: kernel dimension 1, trivial rank 0",5,exact: homogeneous rank fills 6 columns,5,exact: Gröbner basis contained at cutoff 5,0,2,1,21,20,grevlex(x1>...>xm),exact closed Macaulay + SymPy groebner target,1.14.0,True,x_i^q=x_i applied to core during construction,12,20000,80000,0.008997,0.0,3.13.4,Windows-11-10.0.26200-SP0
q5-a1_2-b2_1-t0,True,False,x1*x2**2 - x2**3 - x2**2 + x2 - 1;-x1*x2**2 + 2*x1*x2 - 2*x1 + x2**3 + x2**2 + 2*x2 + 2,4,4,5,3,4,3,5,2,2,known_variant,complete,solving_degree,1;1;1,1;2,2;1,1;2,4;2,True,2,4;3,9;6,5,"exact: kernel dimension 1, trivial rank 0",5,exact: homogeneous rank fills 6 columns,5,exact: Gröbner basis contained at cutoff 5,0,2,2,21,19,grevlex(x1>...>xm),exact closed Macaulay + SymPy groebner target,1.14.0,True,x_i^q=x_i applied to core during construction,12,20000,80000,0.01046,0.0,3.13.4,Windows-11-10.0.26200-SP0
q5-a1_2-b2_1-t1,True,False,x1**2 + 2*x1*x2**2 - 2*x1*x2 + 2*x2**3 + 2*x2**2 - 1;-x1**2 - 2*x1*x2**2 - x1*x2 + x1 - 2*x2**3 - 2*x2**2 + x2,4,4,5,3,4,3,5,2,2,known_variant,complete,solving_degree,1;1;1,1;2,2;1,3;2,4;3,True,2,4;3,7;6,5,"exact: kernel dimension 1, trivial rank 0",5,exact: homogeneous rank fills 6 columns,5,exact: Gröbner basis contained at cutoff 5,0,2,2,21,19,grevlex(x1>...>xm),exact closed Macaulay + SymPy groebner target,1.14.0,True,x_i^q=x_i applied to core during construction,12,20000,80000,0.008516,0.0,3.13.4,Windows-11-10.0.26200-SP0
q5-a1_2-b3_0-t0,True,False,x1**2 - 2*x1*x2 - 2*x1 - x2**2 + 1;-x1**2 - 2*x1*x2 + x2**2 - 2*x2 + 1,4,4,5,2,3,3,5,2,2,known_variant,complete,solving_degree,1;1;1,1;2,3;0,4;4,1;0,True,2,4;3,7;8,5,"exact: kernel dimension 1, trivial rank 0",5,exact: homogeneous rank fills 6 columns,5,exact: Gröbner basis contained at cutoff 5,0,2,2,21,19,grevlex(x1>...>xm),exact closed Macaulay + SymPy groebner target,1.14.0,True,x_i^q=x_i applied to core during construction,12,20000,80000,0.008186,0.0,3.13.4,Windows-11-10.0.26200-SP0
q5-a1_2-b3_0-t1,True,False,2*x1*x2**2 - x1 - 2*x2**2 + 2*x2 - 1;-2*x1**2 - 2*x1*x2**2 + x1*x2 + 2*x1 - x2 + 2,4,4,5,3,4,3,5,2,2,known_variant,complete,solving_degree,1;1;1,1;2,3;0,3;1,1;1,True,2,4;3,9;4,5,"exact: kernel dimension 1, trivial rank 0",5,exact: homogeneous rank fills 6 columns,5,exact: Gröbner basis contained at cutoff 5,0,2,1,21,20,grevlex(x1>...>xm),exact closed Macaulay + SymPy groebner target,1.14.0,True,x_i^q=x_i applied to core during construction,12,20000,80000,0.005641,0.0,3.13.4,Windows-11-10.0.26200-SP0
q5-a1_2-b3_1-t0,True,False,-x1**2 - x1*x2 + 2*x2 - 1;-x1*x2 + 2*x1 - x2**2 - 1,4,4,5,2,4,3,5,2,2,known_variant,complete,solving_degree,1;1;1,1;2,3;1,1;4,2;1,True,2,4;3,7;6,5,"exact: kernel dimension 1, trivial rank 0",5,exact: homogeneous rank fills 6 columns,5,exact: Gröbner basis contained at cutoff 5,0,3,2,21,18,grevlex(x1>...>xm),exact closed Macaulay + SymPy groebner target,1.14.0,True,x_i^q=x_i applied to core during construction,12,20000,80000,0.006892,0.0,3.13.4,Windows-11-10.0.26200-SP0
q5-a1_2-b3_1-t1,True,False,x1**2 + 2*x1*x2**2 - x1*x2 - 2*x1 + 2*x2**3 - 2*x2 - 2;-2*x1**2 - 2*x1*x2**2 + x1*x2 + x1 - 2*x2**3 - x2**2 + x2,4,4,5,3,4,3,5,2,2,known_variant,complete,solving_degree,1;1;1,1;2,3;1,4;2,2;1,True,2,4;3,9;8,5,"exact: kernel dimension 1, trivial rank 0",5,exact: homogeneous rank fills 6 columns,5,exact: Gröbner basis contained at cutoff 5,0,2,2,21,19,grevlex(x1>...>xm),exact closed Macaulay + SymPy groebner target,1.14.0,True,x_i^q=x_i applied to core during construction,12,20000,80000,0.008348,0.0,3.13.4,Windows-11-10.0.26200-SP0
q5-a1_2-b4_0-t0,True,False,-2*x1**2 - x1*x2 - 2*x1 + 2*x2**2 + 2;2*x1**2 - x1*x2 - 2*x2**2 - 2*x2 + 2,4,4,5,2,3,3,5,2,2,known_variant,complete,solving_degree,1;1;1,1;2,4;0,0;2,2;0,True,2,4;3,7;8,5,"exact: kernel dimension 1, trivial rank 0",5,exact: homogeneous rank fills 6 columns,5,exact: Gröbner basis contained at cutoff 5,0,2,2,21,19,grevlex(x1>...>xm),exact closed Macaulay + SymPy groebner target,1.14.0,True,x_i^q=x_i applied to core during construction,12,20000,80000,0.005876,0.0,3.13.4,Windows-11-10.0.26200-SP0
q5-a1_2-b4_0-t1,True,False,-2*x1*x2**2 - x1 - x2**2 + 2*x2 - 2;-x1**2 + 2*x1*x2**2 - 2*x1*x2 + 2*x1 - x2 - 1,4,4,5,3,4,3,5,2,2,known_variant,complete,solving_degree,1;1;1,1;2,4;0,4;3,2;2,True,2,4;3,9;4,5,"exact: kernel dimension 1, trivial rank 0",5,exact: homogeneous rank fills 6 columns,5,exact: Gröbner basis contained at cutoff 5,0,2,1,21,20,grevlex(x1>...>xm),exact closed Macaulay + SymPy groebner target,1.14.0,True,x_i^q=x_i applied to core during construction,12,20000,80000,0.005597,0.0,3.13.4,Windows-11-10.0.26200-SP0
q5-a1_2-b4_1-t0,True,False,-x1*x2**2 + 2*x1 - x2**3 - x2 - 1;2*x1**2 + x1*x2**2 + x1*x2 - x1 + x2**3 + 2*x2**2 + 2*x2 + 2,4,4,5,3,4,3,5,2,2,known_variant,complete,solving_degree,1;1;1,1;2,4;1,1;3,2;2,True,2,4;3,9;7,5,"exact: kernel dimension 1, trivial rank 0",5,exact: homogeneous rank fills 6 columns,5,exact: Gröbner basis contained at cutoff 5,0,2,1,21,20,grevlex(x1>...>xm),exact closed Macaulay + SymPy groebner target,1.14.0,True,x_i^q=x_i applied to core during construction,12,20000,80000,0.008834,0.0,3.13.4,Windows-11-10.0.26200-SP0
q5-a2_1-b0_0-t0,True,False,-x1**2 - x1*x2**2 - 2*x1 - x2**3 + x2**2 - 2*x2 - 2;x1**2 + x1*x2**2 - x1*x2 + x1 + x2**3 - x2**2 + x2 - 1,4,4,5,3,4,3,5,2,2,known_variant,complete,solving_degree,1;1;1,2;1,0;0,1;3,2;0,True,2,4;3,9;8,5,"exact: kernel dimension 1, trivial rank 0",5,exact: homogeneous rank fills 6 columns,5,exact: Gröbner basis contained at cutoff 5,0,2,2,21,19,grevlex(x1>...>xm),exact closed Macaulay + SymPy groebner target,1.14.0,True,x_i^q=x_i applied to core during construction,12,20000,80000,0.00969,0.0,3.13.4,Windows-11-10.0.26200-SP0
q5-a2_1-b0_0-t1,True,False,-2*x1 - x2**3 + 2*x2**2 + 2*x2 + 2;2*x1**2 - x1*x2 + x1 + x2**3 + 2*x2 - 2,4,4,5,3,4,4,5,2,2,known_variant,complete,solving_degree,1;1;1,2;1,0;0,2;2,3;2,True,2,4;3,7;7,5,"exact: kernel dimension 1, trivial rank 0",5,exact: homogeneous rank fills 6 columns,5,exact: Gröbner basis contained at cutoff 5,0,2,2,21,19,grevlex(x1>...>xm),exact closed Macaulay + SymPy groebner target,1.14.0,True,x_i^q=x_i applied to core during construction,12,20000,80000,0.006893,0.0,3.13.4,Windows-11-10.0.26200-SP0
q5-a2_1-b0_1-t0,True,False,x1**2 - 2*x1*x2**2 + x1;-x1**2 + 2*x1*x2**2 - 2*x1 - x2 - 1,4,4,5,3,4,4,5,2,2,known_variant,complete,solving_degree,1;1;1,2;1,0;1,0;4,4;0,True,2,4;3,7;7,5,"exact: kernel dimension 1, trivial rank 0",5,exact: homogeneous rank fills 6 columns,5,exact: Gröbner basis contained at cutoff 5,0,2,2,21,19,grevlex(x1>...>xm),exact closed Macaulay + SymPy groebner target,1.14.0,True,x_i^q=x_i applied to core during construction,12,20000,80000,0.007815,0.0,3.13.4,Windows-11-10.0.26200-SP0
q5-a2_1-b0_1-t1,True,False,2*x1**2 + x1*x2 + 2*x1 + x2**3 + x2**2;-2*x1**2 + 2*x1*x2 + 2*x1 - x2**3 - x2**2 - x2 - 1,4,4,5,3,4,3,5,2,2,known_variant,complete,solving_degree,1;1;1,2;1,0;1,1;3,4;0,True,2,4;3,8;8,5,"exact: kernel dimension 1, trivial rank 0",5,exact: homogeneous rank fills 6 columns,5,exact: Gröbner basis contained at cutoff 5,0,2,2,21,19,grevlex(x1>...>xm),exact closed Macaulay + SymPy groebner target,1.14.0,True,x_i^q=x_i applied to core during construction,12,20000,80000,0.006333,0.0,3.13.4,Windows-11-10.0.26200-SP0
q5-a2_1-b1_0-t0,True,False,x1**2 - x1*x2**2 + 2*x1*x2 + x1 - 2*x2**3 + 2*x2;x1*x2**2 + 2*x1 + 2*x2**3 + x2**2 + x2,4,4,5,3,4,3,5,2,2,known_variant,complete,solving_degree,1;1;1,2;1,1;0,2;2,0;0,True,2,4;3,6;6,5,"exact: kernel dimension 1, trivial rank 0",5,exact: homogeneous rank fills 6 columns,5,exact: Gröbner basis contained at cutoff 5,0,2,1,21,20,grevlex(x1>...>xm),exact closed Macaulay + SymPy groebner target,1.14.0,True,x_i^q=x_i applied to core during construction,12,20000,80000,0.006442,0.0,3.13.4,Windows-11-10.0.26200-SP0
q5-a2_1-b1_1-t0,True,False,-2*x1**2 + 2*x1*x2**2 + x1 - x2**3 - 2*x2 - 2;-2*x1*x2**2 + x1*x2 + x1 + x2**3 - 2*x2**2 - x2 + 2,4,4,5,3,4,3,5,2,2,known_variant,complete,solving_degree,1;1;1,2;1,1;1,0;4,3;2,True,2,4;3,7;7,5,"exact: kernel dimension 1, trivial rank 0",5,exact: homogeneous rank fills 6 columns,5,exact: Gröbner basis contained at cutoff 5,0,2,2,21,19,grevlex(x1>...>xm),exact closed Macaulay + SymPy groebner target,1.14.0,True,x_i^q=x_i applied to core during construction,12,20000,80000,0.006087,0.0,3.13.4,Windows-11-10.0.26200-SP0
q5-a2_1-b1_1-t1,True,False,x1**2 + 2*x1*x2 - 2*x1 - 2*x2**3 - x2 + 2;-2*x1**2 - x1 + 2*x2**3 - x2**2 - 2*x2 + 1,4,4,5,3,4,3,5,2,2,known_variant,complete,solving_degree,1;1;1,2;1,1;1,1;4,4;0,True,2,4;3,4;8,5,"exact: kernel dimension 1, trivial rank 0",5,exact: homogeneous rank fills 6 columns,5,exact: Gröbner basis contained at cutoff 5,0,3,3,21,17,grevlex(x1>...>xm),exact closed Macaulay + SymPy groebner target,1.14.0,True,x_i^q=x_i applied to core during construction,12,20000,80000,0.005566,0.0,3.13.4,Windows-11-10.0.26200-SP0
q5-a2_1-b2_0-t0,True,False,-2*x1**2 - 2*x1 - x2**3 - 2*x2**2 - x2;-2*x1**2 + 2*x1*x2 - 2*x1 + x2**3 - 2*x2**2 + 2*x2,4,4,5,3,4,3,5,2,2,known_variant,complete,solving_degree,1;1;1,2;1,2;0,1;1,4;0,True,2,4;3,4;7,5,"exact: kernel dimension 1, trivial rank 0",5,exact: homogeneous rank fills 6 columns,5,exact: Gröbner basis contained at cutoff 5,0,3,2,21,18,grevlex(x1>...>xm),exact closed Macaulay + SymPy groebner target,1.14.0,True,x_i^q=x_i applied to core during construction,12,20000,80000,0.005298,0.0,3.13.4,Windows-11-10.0.26200-SP0
q5-a2_1-b2_0-t1,True,False,2*x1**2 - x1*x2**2 + x2**2 - 2*x2 + 2;x1**2 + x1*x2**2 - x1*x2 + 2*x1 + 2*x2**2 - x2,4,4,5,3,4,3,5,2,2,known_variant,complete,solving_degree,1;1;1,2;1,2;0,2;4,3;0,True,2,4;3,8;6,5,"exact: kernel dimension 1, trivial rank 0",5,exact: homogeneous rank fills 6 columns,5,exact: Gröbner basis contained at cutoff 5,0,2,2,21,19,grevlex(x1>...>xm),exact closed Macaulay + SymPy groebner target,1.14.0,True,x_i^q=x_i applied to core during construction,12,20000,80000,0.00756,0.0,3.13.4,Windows-11-10.0.26200-SP0
q5-a2_1-b2_1-t0,True,False,2*x1**2 - 2*x1*x2**2 + x1*x2 - 2*x1 - 2*x2**3 + x2**2 - 2*x2 + 2;2*x1*x2**2 + 2*x1 + 2*x2**3 + x2**2 + 2*x2 + 1,4,4,5,3,4,3,5,2,2,known_variant,complete,solving_degree,1;1;1,2;1,2;1,0;2,4;3,True,2,4;3,7;7,5,"exact: kernel dimension 1, trivial rank 0",5,exact: homogeneous rank fills 6 columns,5,exact: Gröbner basis contained at cutoff 5,0,2,2,21,19,grevlex(x1>...>xm),exact closed Macaulay + SymPy groebner target,1.14.0,True,x_i^q=x_i applied to core during construction,12,20000,80000,0.008197,0.0,3.13.4,Windows-11-10.0.26200-SP0
q5-a2_1-b2_1-t1,True,False,-x1**2 - x1*x2**2 + 2*x1*x2 - x1 - x2**2 - 2*x2 - 1;x1**2 + x1*x2**2 + 2*x1*x2 + 2*x1 + x2**2 - 2*x2,4,4,5,3,4,3,5,2,2,known_variant,complete,solving_degree,1;1;1,2;1,2;1,0;4,4;1,True,2,4;3,5;7,5,"exact: kernel dimension 1, trivial rank 0",5,exact: homogeneous rank fills 6 columns,5,exact: Gröbner basis contained at cutoff 5,0,2,2,21,19,grevlex(x1>...>xm),exact closed Macaulay + SymPy groebner target,1.14.0,True,x_i^q=x_i applied to core during construction,12,20000,80000,0.006943,0.0,3.13.4,Windows-11-10.0.26200-SP0
q5-a2_1-b3_0-t0,True,False,x1**2 + 2*x1*x2 - x1 - 2*x2 - 2;2*x1*x2 - 2*x1 + x2**2 - x2 - 2,4,4,5,2,3,3,5,2,2,known_variant,complete,solving_degree,1;1;1,2;1,3;0,1;2,4;0,True,2,4;3,9;6,5,"exact: kernel dimension 1, trivial rank 0",5,exact: homogeneous rank fills 6 columns,5,exact: Gröbner basis contained at cutoff 5,0,2,2,21,19,grevlex(x1>...>xm),exact closed Macaulay + SymPy groebner target,1.14.0,True,x_i^q=x_i applied to core during construction,12,20000,80000,0.009578,0.0,3.13.4,Windows-11-10.0.26200-SP0
q5-a2_1-b3_0-t1,True,False,x1**2 + x1*x2**2 + x1*x2 + x1 + 2*x2**3 - 2*x2;-x1*x2**2 + x1*x2 + 2*x1 - 2*x2**3 + x2**2 + 2,4,4,5,3,4,3,5,2,2,known_variant,complete,solving_degree,1;1;1,2;1,3;0,2;1,4;0,True,2,4;3,8;8,5,"exact: kernel dimension 1, trivial rank 0",5,exact: homogeneous rank fills 6 columns,5,exact: Gröbner basis contained at cutoff 5,0,3,3,21,16,grevlex(x1>...>xm),exact closed Macaulay + SymPy groebner target,1.14.0,True,x_i^q=x_i applied to core during construction,12,20000,80000,0.006981,0.0,3.13.4,Windows-11-10.0.26200-SP0
q5-a2_1-b3_1-t0,True,False,2*x1**2 - 2*x1*x2**2 - 2*x1*x2 + x1 + x2**3 - x2**2 + 2*x2 - 1;2*x1*x2**2 - 2*x1*x2 + x1 - x2**3 - 2*x2**2 + 1,4,4,5,3,4,3,5,2,2,known_variant,complete,solving_degree,1;1;1,2;1,3;1,4;2,4;2,True,2,4;3,9;8,5,"exact: kernel dimension 1, trivial rank 0",5,exact: homogeneous rank fills 6 columns,5,exact: Gröbner basis contained at cutoff 5,0,2,2,21,19,grevlex(x1>...>xm),exact closed Macaulay + SymPy groebner target,1.14.0,True,x_i^q=x_i applied to core during construction,12,20000,80000,0.006294,0.0,3.13.4,Windows-11-10.0.26200-SP0
q5-a2_1-b4_0-t0,True,False,-x1**2 - x1*x2**2 - 2*x1*x2 + x1 - 2*x2**3 + 2*x2;x1*x2**2 + 2*x1 + 2*x2**3 - x2**2 + x2,4,4,5,3,4,3,5,2,2,known_variant,complete,solving_degree,1;1;1,2;1,4;0,3;3,0;0,True,2,4;3,6;6,5,"exact: kernel dimension 1, trivial rank 0",5,exact: homogeneous rank fills 6 columns,5,exact: Gröbner basis contained at cutoff 5,0,2,1,21,20,grevlex(x1>...>xm),exact closed Macaulay + SymPy groebner target,1.14.0,True,x_i^q=x_i applied to core during construction,12,20000,80000,0.008004,0.0,3.13.4,Windows-11-10.0.26200-SP0
q5-a2_1-b4_1-t0,True,False,x1**2 + x1*x2**2 - 2*x2**2 + x2 + 1;2*x1**2 - x1*x2**2 - x1*x2 - x1 - 2*x2 + 2,4,4,5,3,4,3,5,2,2,known_variant,complete,solving_degree,1;1;1,2;1,4;1,0;2,4;1,True,2,4;3,7;8,5,"exact: kernel dimension 1, trivial rank 0",5,exact: homogeneous rank fills 6 columns,5,exact: Gröbner basis contained at cutoff 5,0,2,2,21,19,grevlex(x1>...>xm),exact closed Macaulay + SymPy groebner target,1.14.0,True,x_i^q=x_i applied to core during construction,12,20000,80000,0.005798,0.0,3.13.4,Windows-11-10.0.26200-SP0
q5-a2_1-b4_1-t1,True,False,x1**2 + 2*x1*x2**2 - 2*x1*x2 - x1 - x2**3 + 2*x2 + 2;-2*x1*x2**2 + x2**3 + x2**2 + 2*x2 - 1,4,4,5,3,4,3,5,2,2,known_variant,complete,solving_degree,1;1;1,2;1,4;1,4;4,4;1,True,2,4;3,6;6,5,"exact: kernel dimension 1, trivial rank 0",5,exact: homogeneous rank fills 6 columns,5,exact: Gröbner basis contained at cutoff 5,0,2,2,21,19,grevlex(x1>...>xm),exact closed Macaulay + SymPy groebner target,1.14.0,True,x_i^q=x_i applied to core during construction,12,20000,80000,0.006273,0.0,3.13.4,Windows-11-10.0.26200-SP0
q5-a2_2-b0_1-t0,True,False,-2*x1**2 - 2*x1*x2**2 + 2*x1 - x2**3 + x2**2 - x2 - 1;-2*x1**2 + 2*x1*x2**2 + 2*x1*x2 - x1 + x2**3 + 2*x2 - 1,4,4,5,3,4,3,5,2,2,known_variant,complete,solving_degree,1;1;1,2;2,0;1,2;2,2;1,True,2,4;3,5;8,5,"exact: kernel dimension 1, trivial rank 0",5,exact: homogeneous rank fills 6 columns,5,exact: Gröbner basis contained at cutoff 5,0,2,2,21,19,grevlex(x1>...>xm),exact closed Macaulay + SymPy groebner target,1.14.0,True,x_i^q=x_i applied to core during construction,12,20000,80000,0.007485,0.0,3.13.4,Windows-11-10.0.26200-SP0
q5-a2_2-b0_1-t1,True,False,-x1**2 - 2*x1*x2**2 - x1*x2 + 2*x1 - 2*x2**3 + x2**2 - x2 - 2;-2*x1**2 + 2*x1*x2**2 - x1 + 2*x2**3 + x2**2 + 2*x2 + 1,4,4,5,3,4,3,5,2,2,known_variant,complete,solving_degree,1;1;1,2;2,0;1,2;4,2;1,True,2,4;3,8;6,5,"exact: kernel dimension 1, trivial rank 0",5,exact: homogeneous rank fills 6 columns,5,exact: Gröbner basis contained at cutoff 5,0,2,2,21,19,grevlex(x1>...>xm),exact closed Macaulay + SymPy groebner target,1.14.0,True,x_i^q=x_i applied to core during construction,12,20000,80000,0.00679,0.0,3.13.4,Windows-11-10.0.26200-SP0
q5-a2_2-b1_1-t0,True,False,x1**2 + 2*x1*x2**2 - x1 + x2 - 2;-2*x1**2 - 2*x1*x2**2 + 2*x1*x2 - x1 - x2**2 + 2*x2,4,4,5,3,4,3,5,2,2,known_variant,complete,solving_degree,1;1;1,2;2,1;1,0;2,2;0,True,2,4;3,7;8,5,"exact: kernel dimension 1, trivial rank 0",5,exact: homogeneous rank fills 6 columns,5,exact: Gröbner basis contained at cutoff 5,0,2,2,21,19,grevlex(x1>...>xm),exact closed Macaulay + SymPy groebner target,1.14.0,True,x_i^q=x_i applied to core during construction,12,20000,80000,0.00638,0.0,3.13.4,Windows-11-10.0.26200-SP0
q5-a2_2-b1_1-t1,True,False,-x1**2 - x1 + x2**3 + 2*x2**2 - x2 + 1;-2*x1**2 - x1*x2 - x2**3 - 2,4,4,5,3,4,3,5,2,2,known_variant,complete,solving_degree,1;1;1,2;2,1;1,3;1,2;0,True,2,4;3,8;6,5,"exact: kernel dimension 1, trivial rank 0",5,exact: homogeneous rank fills 6 columns,5,exact: Gröbner basis contained at cutoff 5,0,2,2,21,19,grevlex(x1>...>xm),exact closed Macaulay + SymPy groebner target,1.14.0,True,x_i^q=x_i applied to core during construction,12,20000,80000,0.007097,0.0,3.13.4,Windows-11-10.0.26200-SP0
q5-a2_2-b2_0-t0,True,False,x1**2 - x1*x2**2 + 2*x1*x2 - 2*x1 + 2*x2**3 + 2*x2 + 1;2*x1**2 + x1*x2**2 - x1*x2 - 2*x1 - 2*x2**3 - 2*x2**2 - x2,4,4,5,3,4,3,5,2,2,known_variant,complete,solving_degree,1;1;1,2;2,2;0,0;1,1;0,True,2,4;3,6;6,5,"exact: kernel dimension 1, trivial rank 0",5,exact: homogeneous rank fills 6 columns,5,exact: Gröbner basis contained at cutoff 5,0,2,2,21,19,grevlex(x1>...>xm),exact closed Macaulay + SymPy groebner target,1.14.0,True,x_i^q=x_i applied to core during construction,12,20000,80000,0.00682,0.0,3.13.4,Windows-11-10.0.26200-SP0
q5-a2_2-b2_0-t1,True,False,2*x1**2 + 2*x1*x2**2 + 2*x2**3 + 2*x2**2 - 2*x2 - 1;-2*x1**2 - 2*x1*x2**2 + x1*x2 - 2*x2**3 - 2*x2**2 + 2*x2 - 2,4,4,5,3,4,3,5,2,2,known_variant,complete,solving_degree,1;1;1,2;2,2;0,0;4,3;1,True,2,4;3,6;6,5,"exact: kernel dimension 1, trivial rank 0",5,exact: homogeneous rank fills 6 columns,5,exact: Gröbner basis contained at cutoff 5,0,2,2,21,19,grevlex(x1>...>xm),exact closed Macaulay + SymPy groebner target,1.14.0,True,x_i^q=x_i applied to core during construction,12,20000,80000,0.008274,0.0,3.13.4,Windows-11-10.0.26200-SP0
q5-a2_2-b2_1-t0,True,False,x1**2 + 2*x1*x2**2 + x1*x2 - x1 + 2*x2**3 - x2;-2*x1*x2**2 + x1*x2 - 2*x2**3 + x2**2,4,4,5,3,4,4,5,2,2,known_variant,complete,solving_degree,1;1;1,2;2,2;1,0;1,4;1,True,2,4;3,7;7,5,"exact: kernel dimension 1, trivial rank 0",5,exact: homogeneous rank fills 6 columns,5,exact: Gröbner basis contained at cutoff 5,0,2,4,21,17,grevlex(x1>...>xm),exact closed Macaulay + SymPy groebner target,1.14.0,True,x_i^q=x_i applied to core during construction,12,20000,80000,0.006373,0.0,3.13.4,Windows-11-10.0.26200-SP0
q5-a2_2-b2_1-t1,True,False,-x1**2 + x1*x2**2 - 2*x1*x2 + 2*x1 + x2**3 - x2**2 - 2*x2 - 1;x1**2 - x1*x2**2 + 2*x1 - x2**3 + x2**2 + x2 + 2,4,4,5,3,4,3,5,2,2,known_variant,complete,solving_degree,1;1;1,2;2,2;1,0;2,4;3,True,2,4;3,5;8,5,"exact: kernel dimension 1, trivial rank 0",5,exact: homogeneous rank fills 6 columns,5,exact: Gröbner basis contained at cutoff 5,0,2,2,21,19,grevlex(x1>...>xm),exact closed Macaulay + SymPy groebner target,1.14.0,True,x_i^q=x_i applied to core during construction,12,20000,80000,0.008751,0.0,3.13.4,Windows-11-10.0.26200-SP0
q5-a2_2-b3_0-t0,True,False,-2*x1**2 + 2*x1*x2**2 + 2*x2**3 - 2*x2**2 - 2*x2 + 1;2*x1**2 - 2*x1*x2**2 - x1*x2 - 2*x2**3 + 2*x2**2 + 2*x2 + 2,4,4,5,3,4,3,5,2,2,known_variant,complete,solving_degree,1;1;1,2;2,3;0,0;1,4;2,True,2,4;3,6;6,5,"exact: kernel dimension 1, trivial rank 0",5,exact: homogeneous rank fills 6 columns,5,exact: Gröbner basis contained at cutoff 5,0,2,2,21,19,grevlex(x1>...>xm),exact closed Macaulay + SymPy groebner target,1.14.0,True,x_i^q=x_i applied to core during construction,12,20000,80000,0.00873,0.0,3.13.4,Windows-11-10.0.26200-SP0
q5-a2_2-b3_0-t1,True,False,-x1**2 - x1*x2**2 - 2*x1*x2 - 2*x1 + 2*x2**3 + 2*x2 - 1;-2*x1**2 + x1*x2**2 + x1*x2 - 2*x1 - 2*x2**3 + 2*x2**2 - x2,4,4,5,3,4,3,5,2,2,known_variant,complete,solving_degree,1;1;1,2;2,3;0,0;4,4;0,True,2,4;3,6;6,5,"exact: kernel dimension 1, trivial rank 0",5,exact: homogeneous rank fills 6 columns,5,exact: Gröbner basis contained at cutoff 5,0,2,2,21,19,grevlex(x1>...>xm),exact closed Macaulay + SymPy groebner target,1.14.0,True,x_i^q=x_i applied to core during construction,12,20000,80000,0.008882,0.0,3.13.4,Windows-11-10.0.26200-SP0
q5-a2_2-b3_1-t0,True,False,-x1**2 + 2*x1 + 2*x2**2 - x2 + 2;2*x1**2 - x1 - x2**2 + 2*x2 + 2,4,4,5,2,3,3,5,2,2,known_variant,complete,solving_degree,1;1;1,2;2,3;1,4;1,4;2,True,2,4;3,7;5,5,"exact: kernel dimension 1, trivial rank 0",5,exact: homogeneous rank fills 6 columns,5,exact: Gröbner basis contained at cutoff 5,0,2,2,21,19,grevlex(x1>...>xm),exact closed Macaulay + SymPy groebner target,1.14.0,True,x_i^q=x_i applied to core during construction,12,20000,80000,0.008362,0.0,3.13.4,Windows-11-10.0.26200-SP0
q5-a2_2-b3_1-t1,True,False,-x1**2 + x1*x2**2 - 2*x1*x2 - 2*x1 - 2*x2**3 + x2**2 - 2*x2 + 2;-x1*x2**2 + 2*x1 + 2*x2**3 - 2*x2**2 + 2*x2 + 2,4,4,5,3,4,4,5,2,2,known_variant,complete,solving_degree,1;1;1,2;2,3;1,2;4,4;4,True,2,4;3,8;6,5,"exact: kernel dimension 1, trivial rank 0",5,exact: homogeneous rank fills 6 columns,5,exact: Gröbner basis contained at cutoff 5,0,2,1,21,20,grevlex(x1>...>xm),exact closed Macaulay + SymPy groebner target,1.14.0,True,x_i^q=x_i applied to core during construction,12,20000,80000,0.009042,0.0,3.13.4,Windows-11-10.0.26200-SP0
q5-a2_2-b4_1-t0,True,False,x1**2 - 2*x1*x2**2 - x1*x2 + 2*x1 + x2**3 + 2;2*x1*x2**2 + 2*x1*x2 + x1 - x2**3 + x2**2 - 2*x2 - 1,4,4,5,3,4,3,5,2,2,known_variant,complete,solving_degree,1;1;1,2;2,4;1,0;3,3;2,True,2,4;3,7;8,5,"exact: kernel dimension 1, trivial rank 0",5,exact: homogeneous rank fills 6 columns,5,exact: Gröbner basis contained at cutoff 5,0,2,2,21,19,grevlex(x1>...>xm),exact closed Macaulay + SymPy groebner target,1.14.0,True,x_i^q=x_i applied to core during construction,12,20000,80000,0.009517,0.0,3.13.4,Windows-11-10.0.26200-SP0
q5-a2_2-b4_1-t1,True,False,x1**2 - x1*x2**2 + 2*x1*x2 - x1 - x2**2 - 2;x1**2 + x1*x2**2 - x1 - 2*x2**2 - 2*x2 - 1,4,4,5,3,4,3,5,2,2,known_variant,complete,solving_degree,1;1;1,2;2,4;1,1;1,3;2,True,2,4;3,7;8,5,"exact: kernel dimension 1, trivial rank 0",5,exact: homogeneous rank fills 6 columns,5,exact: Gröbner basis contained at cutoff 5,0,2,2,21,19,grevlex(x1>...>xm),exact closed Macaulay + SymPy groebner target,1.14.0,True,x_i^q=x_i applied to core during construction,12,20000,80000,0.008139,0.0,3.13.4,Windows-11-10.0.26200-SP0
q5-a3_1-b0_1-t0,True,False,2*x1**2 + 2*x1*x2 - x2**3 + x2**2 - 2;-x1**2 + x1 + x2**3 + x2 + 2,4,4,5,3,4,4,5,2,2,known_variant,complete,solving_degree,1;1;1,3;1,0;1,0;4,4;0,True,2,4;3,7;5,5,"exact: kernel dimension 1, trivial rank 0",5,exact: homogeneous rank fills 6 columns,5,exact: Gröbner basis contained at cutoff 5,0,2,2,21,19,grevlex(x1>...>xm),exact closed Macaulay + SymPy groebner target,1.14.0,True,x_i^q=x_i applied to core during construction,12,20000,80000,0.008681,0.0,3.13.4,Windows-11-10.0.26200-SP0
q5-a3_1-b0_1-t1,True,False,2*x1**2 + 2*x1*x2 - 2*x1 - 2*x2**3 - 2*x2 + 1;-2*x1**2 + 2*x1 + 2*x2**3 + 2*x2 - 1,4,4,5,3,4,3,5,2,2,known_variant,complete,solving_degree,1;1;1,3;1,0;1,4;3,4;0,True,2,4;3,7;6,5,"exact: kernel dimension 1, trivial rank 0",5,exact: homogeneous rank fills 6 columns,5,exact: Gröbner basis contained at cutoff 5,0,2,2,21,19,grevlex(x1>...>xm),exact closed Macaulay + SymPy groebner target,1.14.0,True,x_i^q=x_i applied to core during construction,12,20000,80000,0.008741,0.0,3.13.4,Windows-11-10.0.26200-SP0
q5-a3_1-b1_0-t0,True,False,-2*x1*x2**2 + 2*x1*x2 - x1 + x2**2 - 2*x2 + 1;2*x1*x2**2 - 2*x1*x2 - x2**2 + x2,4,4,5,3,4,4,5,2,2,known_variant,complete,solving_degree,1;1;1,3;1,1;0,2;3,1;0,True,2,4;3,4;8,5,"exact: kernel dimension 1, trivial rank 0",5,exact: homogeneous rank fills 6 columns,5,exact: Gröbner basis contained at cutoff 5,0,2,2,21,19,grevlex(x1>...>xm),exact closed Macaulay + SymPy groebner target,1.14.0,True,x_i^q=x_i applied to core during construction,12,20000,80000,0.01126,0.0,3.13.4,Windows-11-10.0.26200-SP0
q5-a3_1-b1_0-t1,True,False,-x1**2 + 2*x1*x2**2 + 2*x1*x2 + 2*x1 - 2*x2**3 + x2**2 + x2 + 2;-2*x1**2 - 2*x1*x2**2 - 2*x1 + 2*x2**3 + x2**2 - x2 - 1,4,4,5,3,4,3,5,2,2,known_variant,complete,solving_degree,1;1;1,3;1,1;0,3;1,2;1,True,2,4;3,7;4,5,"exact: kernel dimension 1, trivial rank 0",5,exact: homogeneous rank fills 6 columns,5,exact: Gröbner basis contained at cutoff 5,0,2,2,21,19,grevlex(x1>...>xm),exact closed Macaulay + SymPy groebner target,1.14.0,True,x_i^q=x_i applied to core during construction,12,20000,80000,0.008818,0.0,3.13.4,Windows-11-10.0.26200-SP0
q5-a3_1-b1_1-t0,True,False,-2*x1**2 + x1*x2**2 - 2*x1*x2 - 2*x1 + 2*x2**2 + 2;x1**2 - x1*x2**2 + 2*x1*x2 + 2*x1 + 2*x2**2 + 2,4,4,5,3,4,3,5,2,2,known_variant,complete,solving_degree,1;1;1,3;1,1;1,0;2,2;0,True,2,4;3,5;7,5,"exact: kernel dimension 1, trivial rank 0",5,exact: homogeneous rank fills 6 columns,5,exact: Gröbner basis contained at cutoff 5,0,2,2,21,19,grevlex(x1>...>xm),exact closed Macaulay + SymPy groebner target,1.14.0,True,x_i^q=x_i applied to core during construction,12,20000,80000,0.007072,0.0,3.13.4,Windows-11-10.0.26200-SP0
q5-a3_1-b1_1-t1,True,False,-x1**2 + x1*x2**2 - x1*x2 - 2*x1 + x2**3 - 2*x2 - 1;-x1**2 - x1*x2**2 + 2*x1*x2 + 2*x1 - x2**3 - 2*x2**2 + 2*x2 - 2,4,4,5,3,4,3,5,2,2,known_variant,complete,solving_degree,1;1;1,3;1,1;1,1;2,4;0,True,2,4;3,8;6,5,"exact: kernel dimension 1, trivial rank 0",5,exact: homogeneous rank fills 6 columns,5,exact: Gröbner basis contained at cutoff 5,0,2,2,21,19,grevlex(x1>...>xm),exact closed Macaulay + SymPy groebner target,1.14.0,True,x_i^q=x_i applied to core during construction,12,20000,80000,0.010072,0.0,3.13.4,Windows-11-10.0.26200-SP0
q5-a3_1-b2_0-t0,True,False,-2*x1**2 - 2*x1*x2**2 - x1*x2 + 2*x1 + 2*x2**3 + 2*x2**2 + x2 + 1;x1**2 + 2*x1*x2**2 - 2*x1 - 2*x2**3 + 2*x2**2 - x2 + 2,4,4,5,3,4,3,5,2,2,known_variant,complete,solving_degree,1;1;1,3;1,2;0,1;2,3;1,True,2,4;3,5;4,5,"exact: kernel dimension 1, trivial rank 0",5,exact: homogeneous rank fills 6 columns,5,exact: Gröbner basis contained at cutoff 5,0,2,2,21,19,grevlex(x1>...>xm),exact closed Macaulay + SymPy groebner target,1.14.0,True,x_i^q=x_i applied to core during construction,12,20000,80000,0.00769,0.0,3.13.4,Windows-11-10.0.26200-SP0
q5-a3_1-b2_0-t1,True,False,2*x1*x2**2 - x1*x2 - x1 + 2*x2**2 - 2*x2 - 2;-2*x1*x2**2 + x1*x2 - 2*x2**2 + x2,4,4,5,3,4,4,5,2,2,known_variant,complete,solving_degree,1;1;1,3;1,2;0,2;1,3;0,True,2,4;3,9;8,5,"exact: kernel dimension 1, trivial rank 0",5,exact: homogeneous rank fills 6 columns,5,exact: Gröbner basis contained at cutoff 5,0,2,2,21,19,grevlex(x1>...>xm),exact closed Macaulay + SymPy groebner target,1.14.0,True,x_i^q=x_i applied to core during construction,12,20000,80000,0.00895,0.0,3.13.4,Windows-11-10.0.26200-SP0
q5-a3_1-b2_1-t0,True,False,x1**2 - x1*x2 + 2*x1 - 2*x2**3 + 2*x2 + 2;-2*x1*x2 + 2*x2**3 + x2**2 - 2,4,4,5,3,4,3,5,2,2,known_variant,complete,solving_degree,1;1;1,3;1,2;1,2;3,4;4,True,2,4;3,7;5,5,"exact: kernel dimension 1, trivial rank 0",5,exact: homogeneous rank fills 6 columns,5,exact: Gröbner basis contained at cutoff 5,0,2,1,21,20,grevlex(x1>...>xm),exact closed Macaulay + SymPy groebner target,1.14.0,True,x_i^q=x_i applied to core during construction,12,20000,80000,0.008831,0.0,3.13.4,Windows-11-10.0.26200-SP0
q5-a3_1-b3_0-t0,True,False,2*x1**2 - x1*x2**2 - x1*x2 - 2*x1 + 2*x2**3 - 2*x2**2 + 2*x2 + 1;2*x1**2 + x1*x2**2 - 2*x1*x2 + 2*x1 - 2*x2**3 + x2**2 - 2*x2,4,4,5,3,4,3,5,2,2,known_variant,complete,solving_degree,1;1;1,3;1,3;0,1;3,4;0,True,2,4;3,8;8,5,"exact: kernel dimension 1, trivial rank 0",5,exact: homogeneous rank fills 6 columns,5,exact: Gröbner basis contained at cutoff 5,0,2,2,21,19,grevlex(x1>...>xm),exact closed Macaulay + SymPy groebner target,1.14.0,True,x_i^q=x_i applied to core during construction,12,20000,80000,0.010702,0.0,3.13.4,Windows-11-10.0.26200-SP0
q5-a3_1-b3_0-t1,True,False,-x1*x2**2 - 2*x1*x2 - 2*x2**3 - 2*x2;x1*x2**2 + 2*x1 + 2*x2**3 - x2 + 1,4,4,5,3,4,3,5,2,2,known_variant,complete,solving_degree,1;1;1,3;1,3;0,3;2,2;0,True,2,4;3,7;8,5,"exact: kernel dimension 1, trivial rank 0",5,exact: homogeneous rank fills 6 columns,5,exact: Gröbner basis contained at cutoff 5,0,2,2,21,19,grevlex(x1>...>xm),exact closed Macaulay + SymPy groebner target,1.14.0,True,x_i^q=x_i applied to core during construction,12,20000,80000,0.008777,0.0,3.13.4,Windows-11-10.0.26200-SP0
q5-a3_1-b3_1-t0,True,False,-x1*x2 + 2*x1 - x2**3 + 2*x2**2 - 2*x2 + 2;-2*x1**2 + 2*x1*x2 + x1 + x2**3 + x2**2 - 2,4,4,5,3,4,3,5,2,2,known_variant,complete,solving_degree,1;1;1,3;1,3;1,0;1,4;1,True,2,4;3,5;7,5,"exact: kernel dimension 1, trivial rank 0",5,exact: homogeneous rank fills 6 columns,5,exact: Gröbner basis contained at cutoff 5,0,2,2,21,19,grevlex(x1>...>xm),exact closed Macaulay + SymPy groebner target,1.14.0,True,x_i^q=x_i applied to core during construction,12,20000,80000,0.008447,0.0,3.13.4,Windows-11-10.0.26200-SP0
q5-a3_1-b3_1-t1,True,False,2*x2**3 - x2**2 - 2*x2 + 1;-2*x1**2 + x1*x2 + 2*x1 - 2*x2**3 - x2**2 - x2 - 2,4,4,5,3,4,3,5,2,2,known_variant,complete,solving_degree,1;1;1,3;1,3;1,1;3,4;3,True,2,4;3,8;8,5,"exact: kernel dimension 1, trivial rank 0",5,exact: homogeneous rank fills 6 columns,5,exact: Gröbner basis contained at cutoff 5,0,3,3,21,17,grevlex(x1>...>xm),exact closed Macaulay + SymPy groebner target,1.14.0,True,x_i^q=x_i applied to core during construction,12,20000,80000,0.008941,0.0,3.13.4,Windows-11-10.0.26200-SP0
q5-a3_1-b4_0-t0,True,False,x1**2 + x1*x2**2 + 2*x1*x2 - 2*x1 - 2*x2**3 - x2**2 + 2*x2 + 2;x1**2 - x1*x2**2 - x1*x2 + 2*x1 + 2*x2**3 - 2*x2**2 - 2*x2,4,4,5,3,4,3,5,2,2,known_variant,complete,solving_degree,1;1;1,3;1,4;0,1;4,3;0,True,2,4;3,7;8,5,"exact: kernel dimension 1, trivial rank 0",5,exact: homogeneous rank fills 6 columns,5,exact: Gröbner basis contained at cutoff 5,0,2,2,21,19,grevlex(x1>...>xm),exact closed Macaulay + SymPy groebner target,1.14.0,True,x_i^q=x_i applied to core during construction,12,20000,80000,0.009617,0.0,3.13.4,Windows-11-10.0.26200-SP0
q5-a3_1-b4_0-t1,True,False,x1*x2**2 - x1*x2 + 2*x2**3 - 2*x2;-x1*x2**2 + 2*x1 - 2*x2**3 - x2 + 2,4,4,5,3,4,3,5,2,2,known_variant,complete,solving_degree,1;1;1,3;1,4;0,2;1,4;0,True,2,4;3,9;8,5,"exact: kernel dimension 1, trivial rank 0",5,exact: homogeneous rank fills 6 columns,5,exact: Gröbner basis contained at cutoff 5,0,2,2,21,19,grevlex(x1>...>xm),exact closed Macaulay + SymPy groebner target,1.14.0,True,x_i^q=x_i applied to core during construction,12,20000,80000,0.008214,0.0,3.13.4,Windows-11-10.0.26200-SP0
q5-a3_1-b4_1-t0,True,False,2*x1**2 - x1*x2**2 + x1*x2 - 2*x1 - x2**3 + x2**2 - 2;x1**2 + x1*x2**2 - 2*x1*x2 - 2*x1 + x2**3 + 2*x2**2 + x2 - 1,4,4,5,3,4,3,5,2,2,known_variant,complete,solving_degree,1;1;1,3;1,4;1,1;2,4;2,True,2,4;3,7;6,5,"exact: kernel dimension 1, trivial rank 0",5,exact: homogeneous rank fills 6 columns,5,exact: Gröbner basis contained at cutoff 5,0,2,2,21,19,grevlex(x1>...>xm),exact closed Macaulay + SymPy groebner target,1.14.0,True,x_i^q=x_i applied to core during construction,12,20000,80000,0.007843,0.0,3.13.4,Windows-11-10.0.26200-SP0
q5-a3_1-b4_1-t1,True,False,-2*x1**2 + 2*x1*x2**2 - x1 - x2**2 - 2*x2 - 1;x1**2 - 2*x1*x2**2 - 2*x1*x2 - x1 - 1,4,4,5,3,4,4,5,2,2,known_variant,complete,solving_degree,1;1;1,3;1,4;1,3;4,4;3,True,2,4;3,9;7,5,"exact: kernel dimension 1, trivial rank 0",5,exact: homogeneous rank fills 6 columns,5,exact: Gröbner basis contained at cutoff 5,0,2,2,21,19,grevlex(x1>...>xm),exact closed Macaulay + SymPy groebner target,1.14.0,True,x_i^q=x_i applied to core during construction,12,20000,80000,0.009351,0.0,3.13.4,Windows-11-10.0.26200-SP0
q5-a3_2-b0_0-t0,True,False,x1**2 - 2*x1*x2**2 + 2*x1*x2 - x2**3 + 2*x2**2 + x2 + 1;-x1**2 + 2*x1*x2**2 + x1 + x2**3 - 2*x2**2 + 2,4,4,5,3,4,3,5,2,2,known_variant,complete,solving_degree,1;1;1,3;2,0;0,1;1,3;2,True,2,4;3,6;8,5,"exact: kernel dimension 1, trivial rank 0",5,exact: homogeneous rank fills 6 columns,5,exact: Gröbner basis contained at cutoff 5,0,2,2,21,19,grevlex(x1>...>xm),exact closed Macaulay + SymPy groebner target,1.14.0,True,x_i^q=x_i applied to core during construction,12,20000,80000,0.010078,0.0,3.13.4,Windows-11-10.0.26200-SP0
q5-a3_2-b0_0-t1,True,False,2*x1*x2 - x1 - x2**3 - 2*x2**2 - x2 - 2;x1**2 - 2*x1*x2 - x1 + x2**3 - 2*x2**2 - x2 - 1,4,4,5,3,4,3,5,2,2,known_variant,complete,solving_degree,1;1;1,3;2,0;0,1;4,3;0,True,2,4;3,4;8,5,"exact: kernel dimension 1, trivial rank 0",5,exact: homogeneous rank fills 6 columns,5,exact: Gröbner basis contained at cutoff 5,0,2,2,21,19,grevlex(x1>...>xm),exact closed Macaulay + SymPy groebner target,1.14.0,True,x_i^q=x_i applied to core during construction,12,20000,80000,0.009483,0.0,3.13.4,Windows-11-10.0.26200-SP0
q5-a3_2-b0_1-t0,True,False,-2*x1**2 + x1*x2**2 + x1*x2 + 2*x2**3 - 2*x2**2 + 2*x2 - 2;2*x1**2 - x1*x2**2 + x1*x2 - 2*x2**3 + 2*x2**2 - 2*x2 + 2,4,4,5,3,4,3,5,2,2,known_variant,complete,solving_degree,1;1;1,3;2,0;1,3;3,2;0,True,2,4;3,7;8,5,"exact: kernel dimension 1, trivial rank 0",5,exact: homogeneous rank fills 6 columns,5,exact: Gröbner basis contained at cutoff 5,0,2,2,21,19,grevlex(x1>...>xm),exact closed Macaulay + SymPy groebner target,1.14.0,True,x_i^q=x_i applied to core during construction,12,20000,80000,0.007106,0.0,3.13.4,Windows-11-10.0.26200-SP0
q5-a3_2-b0_1-t1,True,False,-2*x1**2 - 2*x1*x2 + 2*x1 + 2*x2**3 - 2*x2**2 - x2 + 1;2*x1**2 - 2*x1*x2 - 2*x2**3 + 2*x2**2 - 2*x2 + 2,4,4,5,3,4,3,5,2,2,known_variant,complete,solving_degree,1;1;1,3;2,0;1,2;1,2;2,True,2,4;3,9;7,5,"exact: kernel dimension 1, trivial rank 0",5,exact: homogeneous rank fills 6 columns,5,exact: Gröbner basis contained at cutoff 5,0,2,1,21,20,grevlex(x1>...>xm),exact closed Macaulay + SymPy groebner target,1.14.0,True,x_i^q=x_i applied to core during construction,12,20000,80000,0.008994,0.0,3.13.4,Windows-11-10.0.26200-SP0
q5-a3_2-b1_0-t0,True,False,x1**2 - x1*x2**2 + x1*x2 - x1 + x2**2 - x2 - 2;-x1**2 + x1*x2**2 + x1*x2 - 2*x1 - x2**2 - 2*x2 - 2,4,4,5,3,4,3,5,2,2,known_variant,complete,solving_degree,1;1;1,3;2,1;0,3;2,2;0,True,2,4;3,7;6,5,"exact: kernel dimension 1, trivial rank 0",5,exact: homogeneous rank fills 6 columns,5,exact: Gröbner basis contained at cutoff 5,0,2,2,21,19,grevlex(x1>...>xm),exact closed Macaulay + SymPy groebner target,1.14.0,True,x_i^q=x_i applied to core during construction,12,20000,80000,0.008165,0.0,3.13.4,Windows-11-10.0.26200-SP0
q5-a3_2-b1_0-t1,True,False,-x1*x2 - x2**3 + 2*x2**2 - x2;x1 + x2**3 - 2*x2**2 + 2*x2 - 1,4,4,5,3,4,3,5,2,2,known_variant,complete,solving_degree,1;1;1,3;2,1;0,3;4,1;0,True,2,4;3,9;5,5,"exact: kernel dimension 1, trivial rank 0",5,exact: homogeneous rank fills 6 columns,5,exact: Gröbner basis contained at cutoff 5,0,2,2,21,19,grevlex(x1>...>xm),exact closed Macaulay + SymPy groebner target,1.14.0,True,x_i^q=x_i applied to core during construction,12,20000,80000,0.008641,0.0,3.13.4,Windows-11-10.0.26200-SP0
q5-a3_2-b1_1-t0,True,False,-2*x1**2 - 2*x1*x2**2 - x1*x2 + x1 - x2**3 + x2**2 + 2*x2;-x1**2 + 2*x1*x2**2 - 2*x1 + x2**3 + x2**2 + 2*x2,4,4,5,3,4,4,5,2,2,known_variant,complete,solving_degree,1;1;1,3;2,1;1,2;2,3;2,True,2,4;3,6;7,5,"exact: kernel dimension 1, trivial rank 0",5,exact: homogeneous rank fills 6 columns,5,exact: Gröbner basis contained at cutoff 5,0,2,3,21,18,grevlex(x1>...>xm),exact closed Macaulay + SymPy groebner target,1.14.0,True,x_i^q=x_i applied to core during construction,12,20000,80000,0.00869,0.0,3.13.4,Windows-11-10.0.26200-SP0
q5-a3_2-b1_1-t1,True,False,-x1*x2**2 + 2*x1*x2 - x1 + x2**2 - 2*x2 + 1;-2*x1**2 + x1*x2**2 + 2*x1*x2 + x1 + 2*x2**2 + 2*x2 + 1,4,4,5,3,4,3,5,2,2,known_variant,complete,solving_degree,1;1;1,3;2,1;1,2;3,2;1,True,2,4;3,7;6,5,"exact: kernel dimension 1, trivial rank 0",5,exact: homogeneous rank fills 6 columns,5,exact: Gröbner basis contained at cutoff 5,0,3,3,21,17,grevlex(x1>...>xm),exact closed Macaulay + SymPy groebner target,1.14.0,True,x_i^q=x_i applied to core during construction,12,20000,80000,0.00981,0.0,3.13.4,Windows-11-10.0.26200-SP0
q5-a3_2-b2_0-t0,True,False,-x1**2 - 2*x1*x2**2 - x1*x2 - x1 + 2*x2**3 - x2**2 + 2*x2;-x1**2 + 2*x1*x2**2 + 2*x1*x2 + x1 - 2*x2**3 - x2**2 - 2*x2 + 2,4,4,5,3,4,4,5,2,2,known_variant,complete,solving_degree,1;1;1,3;2,2;0,1;2,4;0,True,2,4;3,8;6,5,"exact: kernel dimension 1, trivial rank 0",5,exact: homogeneous rank fills 6 columns,5,exact: Gröbner basis contained at cutoff 5,0,2,2,21,19,grevlex(x1>...>xm),exact closed Macaulay + SymPy groebner target,1.14.0,True,x_i^q=x_i applied to core during construction,12,20000,80000,0.006709,0.0,3.13.4,Windows-11-10.0.26200-SP0
q5-a3_2-b2_0-t1,True,False,-x1**2 + 2*x1*x2 - 2*x1 - x2**3 + 2*x2**2 + 2*x2 - 1;-x1**2 - 2*x1*x2 + x1 + x2**3 + x2**2 + 2*x2 + 2,4,4,5,3,4,3,5,2,2,known_variant,complete,solving_degree,1;1;1,3;2,2;0,1;4,4;0,True,2,4;3,7;8,5,"exact: kernel dimension 1, trivial rank 0",5,exact: homogeneous rank fills 6 columns,5,exact: Gröbner basis contained at cutoff 5,0,2,2,21,19,grevlex(x1>...>xm),exact closed Macaulay + SymPy groebner target,1.14.0,True,x_i^q=x_i applied to core during construction,12,20000,80000,0.008764,0.0,3.13.4,Windows-11-10.0.26200-SP0
q5-a3_2-b2_1-t0,True,False,-2*x1**2 - 2*x1*x2**2 - x1*x2 - x1 - 2*x2**2 - 2*x2 + 2;2*x1**2 + 2*x1*x2**2 + 2*x1*x2 + x1 + 2*x2**2 + 2*x2 - 1,4,4,5,3,4,3,5,2,2,known_variant,complete,solving_degree,1;1;1,3;2,2;1,0;4,2;2,True,2,4;3,7;8,5,"exact: kernel dimension 1, trivial rank 0",5,exact: homogeneous rank fills 6 columns,5,exact: Gröbner basis contained at cutoff 5,0,2,1,21,20,grevlex(x1>...>xm),exact closed Macaulay + SymPy groebner target,1.14.0,True,x_i^q=x_i applied to core during construction,12,20000,80000,0.008182,0.0,3.13.4,Windows-11-10.0.26200-SP0
q5-a3_2-b3_0-t0,True,False,x1**2 - 2*x1*x2 - 2*x1 - x2**3 - 2*x2**2 + 2*x2 + 1;x1**2 + 2*x1*x2 + x1 + x2**3 - x2**2 + 2*x2 - 2,4,4,5,3,4,3,5,2,2,known_variant,complete,solving_degree,1;1;1,3;2,3;0,4;1,1;0,True,2,4;3,7;8,5,"exact: kernel dimension 1, trivial rank 0",5,exact: homogeneous rank fills 6 columns,5,exact: Gröbner basis contained at cutoff 5,0,2,2,21,19,grevlex(x1>...>xm),exact closed Macaulay + SymPy groebner target,1.14.0,True,x_i^q=x_i applied to core during construction,12,20000,80000,0.009257,0.0,3.13.4,Windows-11-10.0.26200-SP0
q5-a3_2-b3_0-t1,True,False,x1**2 - 2*x1*x2**2 + x1*x2 - x1 + 2*x2**3 + x2**2 + 2*x2;x1**2 + 2*x1*x2**2 - 2*x1*x2 + x1 - 2*x2**3 + x2**2 - 2*x2 - 2,4,4,5,3,4,4,5,2,2,known_variant,complete,solving_degree,1;1;1,3;2,3;0,4;3,1;0,True,2,4;3,8;6,5,"exact: kernel dimension 1, trivial rank 0",5,exact: homogeneous rank fills 6 columns,5,exact: Gröbner basis contained at cutoff 5,0,2,2,21,19,grevlex(x1>...>xm),exact closed Macaulay + SymPy groebner target,1.14.0,True,x_i^q=x_i applied to core during construction,12,20000,80000,0.008327,0.0,3.13.4,Windows-11-10.0.26200-SP0
q5-a3_2-b3_1-t0,True,False,-2*x1**2 + 2*x1*x2**2 + x1*x2 + x1 + x2**3 - 2*x2**2 + 2*x2 - 1;-2*x1*x2**2 + 2*x1 - x2**3 + x2,4,4,5,3,4,3,5,2,2,known_variant,complete,solving_degree,1;1;1,3;2,3;1,2;3,4;2,True,2,4;3,7;7,5,"exact: kernel dimension 1, trivial rank 0",5,exact: homogeneous rank fills 6 columns,5,exact: Gröbner basis contained at cutoff 5,0,3,2,21,18,grevlex(x1>...>xm),exact closed Macaulay + SymPy groebner target,1.14.0,True,x_i^q=x_i applied to core during construction,12,20000,80000,0.008655,0.0,3.13.4,Windows-11-10.0.26200-SP0
q5-a3_2-b3_1-t1,True,False,-2*x1**2 + x1*x2**2 + 2*x1*x2 - 2*x1 - x2**3 + x2**2 + 2;-x1*x2**2 + 2*x1*x2 + x2**3 + 2*x2**2 - 2*x2 - 2,4,4,5,3,4,3,5,2,2,known_variant,complete,solving_degree,1;1;1,3;2,3;1,4;4,4;2,True,2,4;3,5;7,5,"exact: kernel dimension 1, trivial rank 0",5,exact: homogeneous rank fills 6 columns,5,exact: Gröbner basis contained at cutoff 5,0,2,2,21,19,grevlex(x1>...>xm),exact closed Macaulay + SymPy groebner target,1.14.0,True,x_i^q=x_i applied to core during construction,12,20000,80000,0.008888,0.0,3.13.4,Windows-11-10.0.26200-SP0
q5-a3_2-b4_0-t0,True,False,2*x1**2 + x1*x2 + x2**3 + x2**2;x1**2 - 2*x1*x2 - 2*x1 - x2**3 + 2*x2**2 - 2*x2 + 1,4,4,5,3,4,3,5,2,2,known_variant,complete,solving_degree,1;1;1,3;2,4;0,1;3,4;3,True,2,4;3,6;5,5,"exact: kernel dimension 1, trivial rank 0",5,exact: homogeneous rank fills 6 columns,5,exact: Gröbner basis contained at cutoff 5,0,2,2,21,19,grevlex(x1>...>xm),exact closed Macaulay + SymPy groebner target,1.14.0,True,x_i^q=x_i applied to core during construction,12,20000,80000,0.007423,0.0,3.13.4,Windows-11-10.0.26200-SP0
q5-a3_2-b4_0-t1,True,False,x1*x2 - x2**3 - 2*x2**2 - x2;x1 + x2**3 + 2*x2**2 + 2*x2 + 1,4,4,5,3,4,3,5,2,2,known_variant,complete,solving_degree,1;1;1,3;2,4;0,2;1,4;0,True,2,4;3,9;5,5,"exact: kernel dimension 1, trivial rank 0",5,exact: homogeneous rank fills 6 columns,5,exact: Gröbner basis contained at cutoff 5,0,2,2,21,19,grevlex(x1>...>xm),exact closed Macaulay + SymPy groebner target,1.14.0,True,x_i^q=x_i applied to core during construction,12,20000,80000,0.010095,0.0,3.13.4,Windows-11-10.0.26200-SP0
q5-a3_2-b4_1-t0,True,False,-x1**2 + 2*x1*x2**2 - x1*x2 - x1 + x2**3 - 2*x2**2 + 1;x1**2 - 2*x1*x2**2 - x1*x2 - x1 - x2**3 + 2*x2**2 - 2*x2 + 2,4,4,5,3,4,3,5,2,2,known_variant,complete,solving_degree,1;1;1,3;2,4;1,0;2,4;3,True,2,4;3,7;8,5,"exact: kernel dimension 1, trivial rank 0",5,exact: homogeneous rank fills 6 columns,5,exact: Gröbner basis contained at cutoff 5,0,2,2,21,19,grevlex(x1>...>xm),exact closed Macaulay + SymPy groebner target,1.14.0,True,x_i^q=x_i applied to core during construction,12,20000,80000,0.008243,0.0,3.13.4,Windows-11-10.0.26200-SP0
q5-a3_2-b4_1-t1,True,False,-x1**2 - 2*x1*x2 - x1 + 2*x2**3 - x2**2 + x2;x1**2 + 2*x1*x2 - 2*x2**3 + x2**2 - 2*x2,4,4,5,3,4,4,5,2,2,known_variant,complete,solving_degree,1;1;1,3;2,4;1,0;4,3;2,True,2,4;3,5;7,5,"exact: kernel dimension 1, trivial rank 0",5,exact: homogeneous rank fills 6 columns,5,exact: Gröbner basis contained at cutoff 5,0,2,2,21,19,grevlex(x1>...>xm),exact closed Macaulay + SymPy groebner target,1.14.0,True,x_i^q=x_i applied to core during construction,12,20000,80000,0.008242,0.0,3.13.4,Windows-11-10.0.26200-SP0
q5-a4_1-b0_0-t0,True,False,-2*x1 + x2**3 + x2**2 + 2*x2 - 1;x1**2 + 2*x1*x2 + x1 - x2**3 + 2*x2 + 1,4,4,5,3,4,4,5,2,2,known_variant,complete,solving_degree,1;1;1,4;1,0;0,0;1,4;1,True,2,4;3,6;7,5,"exact: kernel dimension 1, trivial rank 0",5,exact: homogeneous rank fills 6 columns,5,exact: Gröbner basis contained at cutoff 5,0,2,2,21,19,grevlex(x1>...>xm),exact closed Macaulay + SymPy groebner target,1.14.0,True,x_i^q=x_i applied to core during construction,12,20000,80000,0.008859,0.0,3.13.4,Windows-11-10.0.26200-SP0
q5-a4_1-b0_0-t1,True,False,-2*x1 + x2**3 - x2**2 + 2*x2 + 1;-x1**2 - 2*x1*x2 + x1 - x2**3 + 2*x2 - 1,4,4,5,3,4,4,5,2,2,known_variant,complete,solving_degree,1;1;1,4;1,0;0,0;4,4;1,True,2,4;3,6;7,5,"exact: kernel dimension 1, trivial rank 0",5,exact: homogeneous rank fills 6 columns,5,exact: Gröbner basis contained at cutoff 5,0,2,2,21,19,grevlex(x1>...>xm),exact closed Macaulay + SymPy groebner target,1.14.0,True,x_i^q=x_i applied to core during construction,12,20000,80000,0.009702,0.0,3.13.4,Windows-11-10.0.26200-SP0
q5-a4_1-b0_1-t0,True,False,x1**2 - 2*x1*x2**2 + x1*x2 - 2*x1 - x2**3 - 2*x2**2 + 2*x2 + 1;-2*x1**2 + 2*x1*x2**2 + 2*x1*x2 - 2*x1 + x2**3 + x2**2 - x2 - 1,4,4,5,3,4,4,5,2,2,known_variant,complete,solving_degree,1;1;1,4;1,0;1,0;1,1;0,True,2,4;3,7;5,5,"exact: kernel dimension 1, trivial rank 0",5,exact: homogeneous rank fills 6 columns,5,exact: Gröbner basis contained at cutoff 5,0,2,3,21,18,grevlex(x1>...>xm),exact closed Macaulay + SymPy groebner target,1.14.0,True,x_i^q=x_i applied to core during construction,12,20000,80000,0.009043,0.0,3.13.4,Windows-11-10.0.26200-SP0
q5-a4_1-b0_1-t1,True,False,-x1**2 + x1*x2**2 - x2**3 - x2**2 + 2*x2 + 2;-2*x1**2 - x1*x2**2 + x2**3 - 2*x2**2 - 2*x2 - 1,4,4,5,3,4,3,5,2,2,known_variant,complete,solving_degree,1;1;1,4;1,0;1,0;3,4;1,True,2,4;3,6;8,5,"exact: kernel dimension 1, trivial rank 0",5,exact: homogeneous rank fills 6 columns,5,exact: Gröbner basis contained at cutoff 5,0,2,2,21,19,grevlex(x1>...>xm),exact closed Macaulay + SymPy groebner target,1.14.0,True,x_i^q=x_i applied to core during construction,12,20000,80000,0.008288,0.0,3.13.4,Windows-11-10.0.26200-SP0
q5-a4_1-b1_0-t0,True,False,-x1**2 - 2*x1 + x2**3 - x2**2 - x2;-x1**2 + x1*x2 - 2*x1 - x2**3 - x2**2 + 2*x2,4,4,5,3,4,3,5,2,2,known_variant,complete,solving_degree,1;1;1,4;1,1;0,0;3,3;0,True,2,4;3,5;7,5,"exact: kernel dimension 1, trivial rank 0",5,exact: homogeneous rank fills 6 columns,5,exact: Gröbner basis contained at cutoff 5,0,3,2,21,18,grevlex(x1>...>xm),exact closed Macaulay + SymPy groebner target,1.14.0,True,x_i^q=x_i applied to core during construction,12,20000,80000,0.009635,0.0,3.13.4,Windows-11-10.0.26200-SP0
q5-a4_1-b1_0-t1,True,False,x1**2 + x1*x2**2 - 2*x2**2 - 2*x2 - 1;-2*x1**2 - x1*x2**2 + 2*x1*x2 + 2*x1 + x2**2 - x2,4,4,5,3,4,3,5,2,2,known_variant,complete,solving_degree,1;1;1,4;1,1;0,1;2,1;0,True,2,4;3,9;6,5,"exact: kernel dimension 1, trivial rank 0",5,exact: homogeneous rank fills 6 columns,5,exact: Gröbner basis contained at cutoff 5,0,2,2,21,19,grevlex(x1>...>xm),exact closed Macaulay + SymPy groebner target,1.14.0,True,x_i^q=x_i applied to core during construction,12,20000,80000,0.009254,0.0,3.13.4,Windows-11-10.0.26200-SP0
q5-a4_1-b1_1-t0,True,False,-x1*x2 - x1 - x2**3 - 1;2*x1**2 - x1 + x2**3 + 2*x2**2 - 2*x2 + 2,4,4,5,3,4,4,5,2,2,known_variant,complete,solving_degree,1;1;1,4;1,1;1,3;2,4;0,True,2,4;3,7;7,5,"exact: kernel dimension 1, trivial rank 0",5,exact: homogeneous rank fills 6 columns,5,exact: Gröbner basis contained at cutoff 5,0,2,2,21,19,grevlex(x1>...>xm),exact closed Macaulay + SymPy groebner target,1.14.0,True,x_i^q=x_i applied to core during construction,12,20000,80000,0.010016,0.0,3.13.4,Windows-11-10.0.26200-SP0
q5-a4_1-b1_1-t1,True,False,-2*x1**2 - x1*x2**2 - x1*x2 + x1 + 2*x2**3 - x2**2 + 2*x2;-x1**2 + x1*x2**2 - 2*x2**3 - 2*x2**2 - x2,4,4,5,3,4,4,5,2,2,known_variant,complete,solving_degree,1;1;1,4;1,1;1,3;3,4;3,True,2,4;3,6;6,5,"exact: kernel dimension 1, trivial rank 0",5,exact: homogeneous rank fills 6 columns,5,exact: Gröbner basis contained at cutoff 5,0,3,2,21,18,grevlex(x1>...>xm),exact closed Macaulay + SymPy groebner target,1.14.0,True,x_i^q=x_i applied to core during construction,12,20000,80000,0.008172,0.0,3.13.4,Windows-11-10.0.26200-SP0
q5-a4_1-b2_0-t0,True,False,2*x1**2 + x1*x2**2 - x1*x2 + x1 + 2*x2**3 + 2*x2;-x1*x2**2 + 2*x1 - 2*x2**3 + 2*x2**2 + x2,4,4,5,3,4,3,5,2,2,known_variant,complete,solving_degree,1;1;1,4;1,2;0,0;4,0;0,True,2,4;3,4;6,5,"exact: kernel dimension 1, trivial rank 0",5,exact: homogeneous rank fills 6 columns,5,exact: Gröbner basis contained at cutoff 5,0,2,1,21,20,grevlex(x1>...>xm),exact closed Macaulay + SymPy groebner target,1.14.0,True,x_i^q=x_i applied to core during construction,12,20000,80000,0.007999,0.0,3.13.4,Windows-11-10.0.26200-SP0
q5-a4_1-b2_1-t0,True,False,-2*x1**2 - 2*x1*x2**2 + 2*x1 + 2*x2**3 + x2;2*x1*x2**2 + 2*x1 - 2*x2**3 - 2*x2**2 - 2*x2 - 2,4,4,5,3,4,3,5,2,2,known_variant,complete,solving_degree,1;1;1,4;1,2;1,0;3,2;1,True,2,4;3,6;7,5,"exact: kernel dimension 1, trivial rank 0",5,exact: homogeneous rank fills 6 columns,5,exact: Gröbner basis contained at cutoff 5,0,2,2,21,19,grevlex(x1>...>xm),exact closed Macaulay + SymPy groebner target,1.14.0,True,x_i^q=x_i applied to core during construction,12,20000,80000,0.007771,0.0,3.13.4,Windows-11-10.0.26200-SP0
q5-a4_1-b2_1-t1,True,False,x1**2 + x1*x2**2 - 2*x1*x2 + 2*x1 + 2*x2**3 + x2**2 + x2 + 1;2*x1**2 - x1*x2**2 + 2*x1*x2 - 2*x2**3 + 2*x2**2 + x2 - 2,4,4,5,3,4,3,5,2,2,known_variant,complete,solving_degree,1;1;1,4;1,2;1,1;1,4;1,True,2,4;3,7;8,5,"exact: kernel dimension 1, trivial rank 0",5,exact: homogeneous rank fills 6 columns,5,exact: Gröbner basis contained at cutoff 5,0,2,2,21,19,grevlex(x1>...>xm),exact closed Macaulay + SymPy groebner target,1.14.0,True,x_i^q=x_i applied to core during construction,12,20000,80000,0.008114,0.0,3.13.4,Windows-11-10.0.26200-SP0
q5-a4_1-b3_0-t0,True,False,-2*x1**2 + x1*x2**2 + x1*x2 + x1 + 2*x2**3 + 2*x2;-x1*x2**2 + 2*x1 - 2*x2**3 - 2*x2**2 + x2,4,4,5,3,4,3,5,2,2,known_variant,complete,solving_degree,1;1;1,4;1,3;0,0;1,0;0,True,2,4;3,4;6,5,"exact: kernel dimension 1, trivial rank 0",5,exact: homogeneous rank fills 6 columns,5,exact: Gröbner basis contained at cutoff 5,0,2,1,21,20,grevlex(x1>...>xm),exact closed Macaulay + SymPy groebner target,1.14.0,True,x_i^q=x_i applied to core during construction,12,20000,80000,0.007992,0.0,3.13.4,Windows-11-10.0.26200-SP0
q5-a4_1-b3_1-t0,True,False,2*x1*x2**2 + x1*x2 + 2*x1 + x2**3 - 2*x2**2 - x2;2*x1**2 - 2*x1*x2**2 - 2*x1 - x2**3 - x2**2 + x2,4,4,5,3,4,3,5,2,2,known_variant,complete,solving_degree,1;1;1,4;1,3;1,1;4,4;4,True,2,4;3,7;6,5,"exact: kernel dimension 1, trivial rank 0",5,exact: homogeneous rank fills 6 columns,5,exact: Gröbner basis contained at cutoff 5,0,2,1,21,20,grevlex(x1>...>xm),exact closed Macaulay + SymPy groebner target,1.14.0,True,x_i^q=x_i applied to core during construction,12,20000,80000,0.009943,0.0,3.13.4,Windows-11-10.0.26200-SP0
q5-a4_1-b4_0-t0,True,False,x1**2 - 2*x1 + x2**3 + x2**2 - x2;x1**2 - x1*x2 - 2*x1 - x2**3 + x2**2 + 2*x2,4,4,5,3,4,3,5,2,2,known_variant,complete,solving_degree,1;1;1,4;1,4;0,0;2,2;0,True,2,4;3,5;7,5,"exact: kernel dimension 1, trivial rank 0",5,exact: homogeneous rank fills 6 columns,5,exact: Gröbner basis contained at cutoff 5,0,3,2,21,18,grevlex(x1>...>xm),exact closed Macaulay + SymPy groebner target,1.14.0,True,x_i^q=x_i applied to core during construction,12,20000,80000,0.007313,0.0,3.13.4,Windows-11-10.0.26200-SP0
q5-a4_1-b4_0-t1,True,False,-2*x1**2 - x1*x2**2 - 2*x1*x2 + x1 - 2*x2**3 - 2*x2;x1*x2**2 - 2*x1*x2 + 2*x1 + 2*x2**3 - 2*x2**2 - 1,4,4,5,3,4,3,5,2,2,known_variant,complete,solving_degree,1;1;1,4;1,4;0,2;3,4;2,True,2,4;3,7;8,5,"exact: kernel dimension 1, trivial rank 0",5,exact: homogeneous rank fills 6 columns,5,exact: Gröbner basis contained at cutoff 5,0,3,3,21,16,grevlex(x1>...>xm),exact closed Macaulay + SymPy groebner target,1.14.0,True,x_i^q=x_i applied to core during construction,12,20000,80000,0.009852,0.0,3.13.4,Windows-11-10.0.26200-SP0
q5-a4_1-b4_1-t0,True,False,-x1**2 + x1*x2**2 + 2*x1 - 2*x2**3 + 2*x2**2 + 2*x2 + 1;-2*x1**2 - x1*x2**2 - x1*x2 + x1 + 2*x2**3 + x2 - 1,4,4,5,3,4,3,5,2,2,known_variant,complete,solving_degree,1;1;1,4;1,4;1,3;4,4;2,True,2,4;3,9;8,5,"exact: kernel dimension 1, trivial rank 0",5,exact: homogeneous rank fills 6 columns,5,exact: Gröbner basis contained at cutoff 5,0,2,2,21,19,grevlex(x1>...>xm),exact closed Macaulay + SymPy groebner target,1.14.0,True,x_i^q=x_i applied to core during construction,12,20000,80000,0.010326,0.0,3.13.4,Windows-11-10.0.26200-SP0
q5-a4_1-b4_1-t1,True,False,-x1**2 + 2*x1*x2**2 - 2*x1 - 2*x2**3 - 1;2*x1**2 - 2*x1*x2**2 + 2*x1 + 2*x2**3 + x2**2 - 1,4,4,5,3,4,3,5,2,2,known_variant,complete,solving_degree,1;1;1,4;1,4;1,0;3,4;4,True,2,4;3,4;8,5,"exact: kernel dimension 1, trivial rank 0",5,exact: homogeneous rank fills 6 columns,5,exact: Gröbner basis contained at cutoff 5,0,2,1,21,20,grevlex(x1>...>xm),exact closed Macaulay + SymPy groebner target,1.14.0,True,x_i^q=x_i applied to core during construction,12,20000,80000,0.008721,0.0,3.13.4,Windows-11-10.0.26200-SP0
q5-a4_2-b0_0-t0,True,False,2*x1**2 + 2*x1*x2**2 - x1*x2 + x2**3 - x2**2 + x2 - 2;-2*x1**2 - 2*x1*x2**2 + x1 - x2**3 + x2**2 + 1,4,4,5,3,4,3,5,2,2,known_variant,complete,solving_degree,1;1;1,4;2,0;0,0;2,4;1,True,2,4;3,6;8,5,"exact: kernel dimension 1, trivial rank 0",5,exact: homogeneous rank fills 6 columns,5,exact: Gröbner basis contained at cutoff 5,0,2,2,21,19,grevlex(x1>...>xm),exact closed Macaulay + SymPy groebner target,1.14.0,True,x_i^q=x_i applied to core during construction,12,20000,80000,0.008001,0.0,3.13.4,Windows-11-10.0.26200-SP0
q5-a4_2-b0_0-t1,True,False,-2*x1**2 + 2*x1*x2**2 + x1*x2 + x2**3 + x2**2 + x2 + 2;2*x1**2 - 2*x1*x2**2 + x1 - x2**3 - x2**2 - 1,4,4,5,3,4,3,5,2,2,known_variant,complete,solving_degree,1;1;1,4;2,0;0,0;3,4;1,True,2,4;3,6;8,5,"exact: kernel dimension 1, trivial rank 0",5,exact: homogeneous rank fills 6 columns,5,exact: Gröbner basis contained at cutoff 5,0,2,2,21,19,grevlex(x1>...>xm),exact closed Macaulay + SymPy groebner target,1.14.0,True,x_i^q=x_i applied to core during construction,12,20000,80000,0.011136,0.0,3.13.4,Windows-11-10.0.26200-SP0
q5-a4_2-b0_1-t0,True,False,-2*x1*x2 + 2*x2**3 - 2*x2**2 + x2;-2*x1**2 - 2*x1*x2 - x1 - 2*x2**3 - 2*x2,4,4,5,3,4,3,5,2,2,known_variant,complete,solving_degree,1;1;1,4;2,0;1,0;2,2;0,True,2,4;3,5;7,5,"exact: kernel dimension 1, trivial rank 0",5,exact: homogeneous rank fills 6 columns,5,exact: Gröbner basis contained at cutoff 5,0,3,2,21,18,grevlex(x1>...>xm),exact closed Macaulay + SymPy groebner target,1.14.0,True,x_i^q=x_i applied to core during construction,12,20000,80000,0.006453,0.0,3.13.4,Windows-11-10.0.26200-SP0
q5-a4_2-b0_1-t1,True,False,x1*x2**2 - x1 + x2**2 - 1;-x1**2 - x1*x2**2 + 2*x1*x2 - x1 - 2*x2**2 - 2*x2,4,4,5,3,4,3,5,2,2,known_variant,complete,solving_degree,1;1;1,4;2,0;1,1;1,4;1,True,2,4;3,7;8,5,"exact: kernel dimension 1, trivial rank 0",5,exact: homogeneous rank fills 6 columns,5,exact: Gröbner basis contained at cutoff 5,0,3,3,21,17,grevlex(x1>...>xm),exact closed Macaulay + SymPy groebner target,1.14.0,True,x_i^q=x_i applied to core during construction,12,20000,80000,0.008095,0.0,3.13.4,Windows-11-10.0.26200-SP0
q5-a4_2-b1_0-t0,True,False,2*x1**2 + 2*x1*x2**2 + 2*x1*x2 - x1 - 2*x2**3 + 2*x2**2 + 2*x2;2*x1**2 - 2*x1*x2**2 + x1*x2 + x1 + 2*x2**3 + 2*x2**2 - 2*x2 - 1,4,4,5,3,4,4,5,2,2,known_variant,complete,solving_degree,1;1;1,4;2,1;0,3;1,3;0,True,2,4;3,8;6,5,"exact: kernel dimension 1, trivial rank 0",5,exact: homogeneous rank fills 6 columns,5,exact: Gröbner basis contained at cutoff 5,0,2,2,21,19,grevlex(x1>...>xm),exact closed Macaulay + SymPy groebner target,1.14.0,True,x_i^q=x_i applied to core during construction,12,20000,80000,0.008581,0.0,3.13.4,Windows-11-10.0.26200-SP0
q5-a4_2-b1_0-t1,True,False,2*x1**2 + x1*x2 - 2*x1 + x2**3 + x2**2 + 2*x2 - 2;2*x1**2 - x1*x2 + x1 - x2**3 - 2*x2**2 + 2*x2 - 1,4,4,5,3,4,3,5,2,2,known_variant,complete,solving_degree,1;1;1,4;2,1;0,4;2,3;0,True,2,4;3,9;8,5,"exact: kernel dimension 1, trivial rank 0",5,exact: homogeneous rank fills 6 columns,5,exact: Gröbner basis contained at cutoff 5,0,2,2,21,19,grevlex(x1>...>xm),exact closed Macaulay + SymPy groebner target,1.14.0,True,x_i^q=x_i applied to core during construction,12,20000,80000,0.009133,0.0,3.13.4,Windows-11-10.0.26200-SP0
q5-a4_2-b1_1-t0,True,False,x1**2 + x1*x2**2 - 2*x1*x2 + x1 + x2**3 + x2 - 2;-2*x1**2 - x1*x2**2 - 2*x1 - x2**3 - x2**2 - 2*x2 + 2,4,4,5,3,4,3,5,2,2,known_variant,complete,solving_degree,1;1;1,4;2,1;1,1;1,3;2,True,2,4;3,7;8,5,"exact: kernel dimension 1, trivial rank 0",5,exact: homogeneous rank fills 6 columns,5,exact: Gröbner basis contained at cutoff 5,0,2,2,21,19,grevlex(x1>...>xm),exact closed Macaulay + SymPy groebner target,1.14.0,True,x_i^q=x_i applied to core during construction,12,20000,80000,0.008985,0.0,3.13.4,Windows-11-10.0.26200-SP0
q5-a4_2-b1_1-t1,True,False,x1**2 + 2*x1*x2**2 + 2*x1 - x2**2 - 2*x2;-x1**2 - 2*x1*x2**2 - x1*x2 + x1 + x2**2 + 1,4,4,5,3,4,3,5,2,2,known_variant,complete,solving_degree,1;1;1,4;2,1;1,2;4,3;0,True,2,4;3,8;6,5,"exact: kernel dimension 1, trivial rank 0",5,exact: homogeneous rank fills 6 columns,5,exact: Gröbner basis contained at cutoff 5,0,2,2,21,19,grevlex(x1>...>xm),exact closed Macaulay + SymPy groebner target,1.14.0,True,x_i^q=x_i applied to core during construction,12,20000,80000,0.010487,0.0,3.13.4,Windows-11-10.0.26200-SP0
q5-a4_2-b2_0-t0,True,False,x1**2 - 2*x1*x2 - x2**3 - 2*x2**2;-2*x1**2 - x1*x2 - 2*x1 + x2**3 + x2**2 - 2*x2 + 2,4,4,5,3,4,3,5,2,2,known_variant,complete,solving_degree,1;1;1,4;2,2;0,1;4,3;1,True,2,4;3,5;5,5,"exact: kernel dimension 1, trivial rank 0",5,exact: homogeneous rank fills 6 columns,5,exact: Gröbner basis contained at cutoff 5,0,2,2,21,19,grevlex(x1>...>xm),exact closed Macaulay + SymPy groebner target,1.14.0,True,x_i^q=x_i applied to core during construction,12,20000,80000,0.009093,0.0,3.13.4,Windows-11-10.0.26200-SP0
q5-a4_2-b2_0-t1,True,False,-2*x1*x2 + x2**3 - x2**2 - x2;x1 - x2**3 + x2**2 + 2*x2 + 2,4,4,5,3,4,3,5,2,2,known_variant,complete,solving_degree,1;1;1,4;2,2;0,2;3,3;0,True,2,4;3,7;5,5,"exact: kernel dimension 1, trivial rank 0",5,exact: homogeneous rank fills 6 columns,5,exact: Gröbner basis contained at cutoff 5,0,2,2,21,19,grevlex(x1>...>xm),exact closed Macaulay + SymPy groebner target,1.14.0,True,x_i^q=x_i applied to core during construction,12,20000,80000,0.009462,0.0,3.13.4,Windows-11-10.0.26200-SP0
q5-a4_2-b3_0-t0,True,False,-2*x1**2 + x1*x2**2 - 2*x1*x2 - x1 - 2*x2**2 - x2 + 1;2*x1**2 - x1*x2**2 - 2*x1*x2 - 2*x1 + 2*x2**2 - 2*x2 + 1,4,4,5,3,4,3,5,2,2,known_variant,complete,solving_degree,1;1;1,4;2,3;0,2;1,4;0,True,2,4;3,9;6,5,"exact: kernel dimension 1, trivial rank 0",5,exact: homogeneous rank fills 6 columns,5,exact: Gröbner basis contained at cutoff 5,0,2,2,21,19,grevlex(x1>...>xm),exact closed Macaulay + SymPy groebner target,1.14.0,True,x_i^q=x_i applied to core during construction,12,20000,80000,0.008816,0.0,3.13.4,Windows-11-10.0.26200-SP0
q5-a4_2-b3_0-t1,True,False,2*x1*x2 + x2**3 + x2**2 - x2;x1 - x2**3 - x2**2 + 2*x2 - 2,4,4,5,3,4,3,5,2,2,known_variant,complete,solving_degree,1;1;1,4;2,3;0,3;2,2;0,True,2,4;3,7;5,5,"exact: kernel dimension 1, trivial rank 0",5,exact: homogeneous rank fills 6 columns,5,exact: Gröbner basis contained at cutoff 5,0,2,2,21,19,grevlex(x1>...>xm),exact closed Macaulay + SymPy groebner target,1.14.0,True,x_i^q=x_i applied to core during construction,12,20000,80000,0.008916,0.0,3.13.4,Windows-11-10.0.26200-SP0
q5-a4_2-b3_1-t0,True,False,-x1*x2**2 + x1*x2 - x1 - 2*x2**3 + x2**2 - 2*x2;-x1**2 + x1*x2**2 + 2*x1*x2 + 2*x2**3 - 2*x2**2 + x2,4,4,5,3,4,4,5,2,2,known_variant,complete,solving_degree,1;1;1,4;2,3;1,0;4,3;2,True,2,4;3,7;5,5,"exact: kernel dimension 1, trivial rank 0",5,exact: homogeneous rank fills 6 columns,5,exact: Gröbner basis contained at cutoff 5,0,2,2,21,19,grevlex(x1>...>xm),exact closed Macaulay + SymPy groebner target,1.14.0,True,x_i^q=x_i applied to core during construction,12,20000,80000,0.008919,0.0,3.13.4,Windows-11-10.0.26200-SP0
q5-a4_2-b3_1-t1,True,False,2*x1**2 - 2*x1*x2**2 - x1*x2 - 2*x1 - 2*x2**2 - x2;2*x1*x2**2 + x1*x2 - x2**2 - x2 + 1,4,4,5,3,4,3,5,2,2,known_variant,complete,solving_degree,1;1;1,4;2,3;1,1;4,2;1,True,2,4;3,7;8,5,"exact: kernel dimension 1, trivial rank 0",5,exact: homogeneous rank fills 6 columns,5,exact: Gröbner basis contained at cutoff 5,0,2,2,21,19,grevlex(x1>...>xm),exact closed Macaulay + SymPy groebner target,1.14.0,True,x_i^q=x_i applied to core during construction,12,20000,80000,0.008697,0.0,3.13.4,Windows-11-10.0.26200-SP0
q5-a4_2-b4_0-t0,True,False,-2*x1**2 - x1*x2 - 2*x1 + x2**3 - x2**2 + 2*x2 + 2;-2*x1**2 + x1*x2 + x1 - x2**3 + 2*x2**2 + 2*x2 + 1,4,4,5,3,4,3,5,2,2,known_variant,complete,solving_degree,1;1;1,4;2,4;0,1;3,2;0,True,2,4;3,9;8,5,"exact: kernel dimension 1, trivial rank 0",5,exact: homogeneous rank fills 6 columns,5,exact: Gröbner basis contained at cutoff 5,0,2,2,21,19,grevlex(x1>...>xm),exact closed Macaulay + SymPy groebner target,1.14.0,True,x_i^q=x_i applied to core during construction,12,20000,80000,0.007245,0.0,3.13.4,Windows-11-10.0.26200-SP0
q5-a4_2-b4_0-t1,True,False,-2*x1**2 + 2*x1*x2**2 - 2*x1*x2 - x1 - 2*x2**3 - 2*x2**2 + 2*x2;-2*x1**2 - 2*x1*x2**2 - x1*x2 + x1 + 2*x2**3 - 2*x2**2 - 2*x2 + 1,4,4,5,3,4,4,5,2,2,known_variant,complete,solving_degree,1;1;1,4;2,4;0,2;4,2;0,True,2,4;3,8;6,5,"exact: kernel dimension 1, trivial rank 0",5,exact: homogeneous rank fills 6 columns,5,exact: Gröbner basis contained at cutoff 5,0,2,2,21,19,grevlex(x1>...>xm),exact closed Macaulay + SymPy groebner target,1.14.0,True,x_i^q=x_i applied to core during construction,12,20000,80000,0.00851,0.0,3.13.4,Windows-11-10.0.26200-SP0
q5-a4_2-b4_1-t0,True,False,2*x1*x2**2 - x1*x2 - 2*x1 + x2**3 - x2**2;-x1**2 - 2*x1*x2**2 - x1*x2 - 2*x1 - x2**3 + x2,4,4,5,3,4,4,5,2,2,known_variant,complete,solving_degree,1;1;1,4;2,4;1,0;1,4;2,True,2,4;3,7;7,5,"exact: kernel dimension 1, trivial rank 0",5,exact: homogeneous rank fills 6 columns,5,exact: Gröbner basis contained at cutoff 5,0,2,2,21,19,grevlex(x1>...>xm),exact closed Macaulay + SymPy groebner target,1.14.0,True,x_i^q=x_i applied to core during construction,12,20000,80000,0.009693,0.0,3.13.4,Windows-11-10.0.26200-SP0
q5-a4_2-b4_1-t1,True,False,x1*x2**2 - x1*x2 + x1 + 2*x2**3 - 2*x2**2 + x2 - 2;x1**2 - x1*x2**2 + x1*x2 + 2*x1 - 2*x2**3 - 2*x2**2 + 2*x2 + 1,4,4,5,3,4,3,5,2,2,known_variant,complete,solving_degree,1;1;1,4;2,4;1,1;4,4;4,True,2,4;3,7;7,5,"exact: kernel dimension 1, trivial rank 0",5,exact: homogeneous rank fills 6 columns,5,exact: Gröbner basis contained at cutoff 5,0,2,1,21,20,grevlex(x1>...>xm),exact closed Macaulay + SymPy groebner target,1.14.0,True,x_i^q=x_i applied to core during construction,12,20000,80000,0.008219,0.0,3.13.4,Windows-11-10.0.26200-SP0
